Date,Client,Poids reçu
23/11/2025,TOTALENERGIES MARKETING COTE D'IVOIRE,253 942
23/11/2025,PETRO IVOIRE,1 239 740
22/11/2025,PETRO IVOIRE,1 247 901
22/11/2025,TOTALENERGIES MARKETING COTE D'IVOIRE,255 614
21/11/2025,PETRO IVOIRE,832 146
21/11/2025,TOTALENERGIES MARKETING COTE D'IVOIRE,170 456
21/11/2025,VIVO ENERGY CÔTE D'IVOIRE,500 000
20/11/2025,TOTALENERGIES MARKETING COTE D'IVOIRE,79 620
20/11/2025,TOTALENERGIES MARKETING COTE D'IVOIRE,256 743
20/11/2025,PETRO IVOIRE,388 654
20/11/2025,PETRO IVOIRE,1 253 431
19/11/2025,VIVO ENERGY CÔTE D'IVOIRE,500 000
19/11/2025,PETRO IVOIRE,1 013 708
16/11/2025,PETRO IVOIRE,2 912 580
16/11/2025,VIVO ENERGY CÔTE D'IVOIRE,500 000
16/11/2025,TOTALENERGIES MARKETING COTE D'IVOIRE,596 552
11/11/2025,PETRO IVOIRE,105
11/11/2025,TOTALENERGIES MARKETING COTE D'IVOIRE,249 040
11/11/2025,PETRO IVOIRE,1 198 441
11/11/2025,PETRO IVOIRE,996 159
11/11/2025,TOTALENERGIES MARKETING COTE D'IVOIRE,299 610
11/11/2025,TOTALENERGIES MARKETING COTE D'IVOIRE,26
09/11/2025,PETRO IVOIRE,803 379
09/11/2025,VIVO ENERGY CÔTE D'IVOIRE,500 000
09/11/2025,TOTALENERGIES MARKETING COTE D'IVOIRE,200 845
07/11/2025,TOTALENERGIES MARKETING COTE D'IVOIRE,280 340
07/11/2025,PETRO IVOIRE,1 121 362
06/11/2025,TOTALENERGIES MARKETING COTE D'IVOIRE,299 721
06/11/2025,PETRO IVOIRE,1 198 818
06/11/2025,TOTALENERGIES MARKETING COTE D'IVOIRE,297 058
06/11/2025,PETRO IVOIRE,1 188 172
05/11/2025,VIVO ENERGY CÔTE D'IVOIRE,500 000
05/11/2025,TOTALENERGIES MARKETING COTE D'IVOIRE,198 896
05/11/2025,PETRO IVOIRE,795 524
04/11/2025,VIVO ENERGY CÔTE D'IVOIRE,500 000
04/11/2025,PETRO IVOIRE,807 184
04/11/2025,TOTALENERGIES MARKETING COTE D'IVOIRE,201 813
01/11/2025,PETRO IVOIRE,2 081 052
01/11/2025,VIVO ENERGY CÔTE D'IVOIRE,500 000
01/11/2025,TOTALENERGIES MARKETING COTE D'IVOIRE,505 279
31/10/2025,PETRO IVOIRE,732 067
31/10/2025,VIVO ENERGY CÔTE D'IVOIRE,280 000
31/10/2025,TOTALENERGIES MARKETING COTE D'IVOIRE,488 044
29/10/2025,PETRO IVOIRE,832 253
29/10/2025,TOTALENERGIES MARKETING COTE D'IVOIRE,170 485
25/10/2025,TOTALENERGIES MARKETING COTE D'IVOIRE,321 989
25/10/2025,PETRO IVOIRE,1 181 750
25/10/2025,TOTALENERGIES MARKETING COTE D'IVOIRE,238 225
25/10/2025,PETRO IVOIRE,772 789
23/10/2025,TOTALENERGIES MARKETING COTE D'IVOIRE,194 109
23/10/2025,PETRO IVOIRE,557 415
23/10/2025,VIVO ENERGY CÔTE D'IVOIRE,720 000
21/10/2025,PETRO IVOIRE,1 202 151
21/10/2025,TOTALENERGIES MARKETING COTE D'IVOIRE,300 553
21/10/2025,PETRO IVOIRE,285 200
21/10/2025,VIVO ENERGY CÔTE D'IVOIRE,500 000
21/10/2025,TOTALENERGIES MARKETING COTE D'IVOIRE,71 318
19/10/2025,TOTALENERGIES MARKETING COTE D'IVOIRE,298 167
19/10/2025,PETRO IVOIRE,1 195 197
19/10/2025,TOTALENERGIES MARKETING COTE D'IVOIRE,298 814
19/10/2025,PETRO IVOIRE,1 192 619
16/10/2025,TOTALENERGIES MARKETING COTE D'IVOIRE,220 011
16/10/2025,VIVO ENERGY CÔTE D'IVOIRE,200 000
16/10/2025,PETRO IVOIRE,1 074 091
15/10/2025,PETRO IVOIRE,1 235 638
15/10/2025,TOTALENERGIES MARKETING COTE D'IVOIRE,253 098
14/10/2025,PETRO IVOIRE,1 236 960
14/10/2025,TOTALENERGIES MARKETING COTE D'IVOIRE,253 370
11/10/2025,VIVO ENERGY CÔTE D'IVOIRE,300 000
11/10/2025,TOTALENERGIES MARKETING COTE D'IVOIRE,239 322
11/10/2025,PETRO IVOIRE,956 613
09/10/2025,PETRO IVOIRE,1 602 389
09/10/2025,VIVO ENERGY CÔTE D'IVOIRE,1 000 000
09/10/2025,TOTALENERGIES MARKETING COTE D'IVOIRE,400 936
08/10/2025,TOTALENERGIES MARKETING COTE D'IVOIRE,718 168
08/10/2025,VIVO ENERGY CÔTE D'IVOIRE,200 000
08/10/2025,PETRO IVOIRE,1 567 866
06/10/2025,TOTALENERGIES MARKETING COTE D'IVOIRE,171 379
06/10/2025,VIVO ENERGY CÔTE D'IVOIRE,500 000
06/10/2025,PETRO IVOIRE,829 943
03/10/2025,TOTALENERGIES MARKETING COTE D'IVOIRE,247 811
03/10/2025,PETRO IVOIRE,1 200 475
29/09/2025,PETRO IVOIRE,2 473 863
29/09/2025,TOTALENERGIES MARKETING COTE D'IVOIRE,510 660
28/09/2025,VIVO ENERGY CÔTE D'IVOIRE,200 000
28/09/2025,PETRO IVOIRE,1 072 390
28/09/2025,TOTALENERGIES MARKETING COTE D'IVOIRE,221 390
25/09/2025,PETRO IVOIRE,825 586
25/09/2025,TOTALENERGIES MARKETING COTE D'IVOIRE,170 480
24/09/2025,PETRO IVOIRE,813 594
24/09/2025,PETRO IVOIRE,830 055
24/09/2025,TOTALENERGIES MARKETING COTE D'IVOIRE,171 401
24/09/2025,VIVO ENERGY CÔTE D'IVOIRE,500 000
24/09/2025,VIVO ENERGY CÔTE D'IVOIRE,500 000
24/09/2025,TOTALENERGIES MARKETING COTE D'IVOIRE,168 005
19/09/2025,PETRO IVOIRE,830 207
19/09/2025,TOTALENERGIES MARKETING COTE D'IVOIRE,170 042
18/09/2025,VIVO ENERGY CÔTE D'IVOIRE,300 000
18/09/2025,VIVO ENERGY CÔTE D'IVOIRE,200 000
18/09/2025,TOTALENERGIES MARKETING COTE D'IVOIRE,259 298
18/09/2025,PETRO IVOIRE,1 037 194
18/09/2025,PETRO IVOIRE,1 004 548
18/09/2025,TOTALENERGIES MARKETING COTE D'IVOIRE,205 751
16/09/2025,TOTALENERGIES MARKETING COTE D'IVOIRE,104 201
16/09/2025,VIVO ENERGY CÔTE D'IVOIRE,200 000
16/09/2025,PETRO IVOIRE,508 747
15/09/2025,TOTALENERGIES MARKETING COTE D'IVOIRE,135 819
15/09/2025,VIVO ENERGY CÔTE D'IVOIRE,200 000
15/09/2025,VIVO ENERGY CÔTE D'IVOIRE,300 000
15/09/2025,TOTALENERGIES MARKETING COTE D'IVOIRE,206 546
15/09/2025,PETRO IVOIRE,1 008 430
15/09/2025,PETRO IVOIRE,663 115
14/09/2025,TOTALENERGIES MARKETING COTE D'IVOIRE,298 580
14/09/2025,PETRO IVOIRE,1 194 322
10/09/2025,PETRO IVOIRE,1 362 668
10/09/2025,TOTALENERGIES MARKETING COTE D'IVOIRE,340 667
09/09/2025,TOTALENERGIES MARKETING COTE D'IVOIRE,476 035
09/09/2025,VIVO ENERGY CÔTE D'IVOIRE,200 000
09/09/2025,PETRO IVOIRE,2 324 171
08/09/2025,PETRO IVOIRE,985 890
08/09/2025,TOTALENERGIES MARKETING COTE D'IVOIRE,201 929
08/09/2025,VIVO ENERGY CÔTE D'IVOIRE,300 000
06/09/2025,PETRO IVOIRE,823 012
06/09/2025,VIVO ENERGY CÔTE D'IVOIRE,500 000
06/09/2025,TOTALENERGIES MARKETING COTE D'IVOIRE,168 569
05/09/2025,PETRO IVOIRE,1 511 974
05/09/2025,TOTALENERGIES MARKETING COTE D'IVOIRE,377 993
05/09/2025,VIVO ENERGY CÔTE D'IVOIRE,400 000
04/09/2025,VIVO ENERGY CÔTE D'IVOIRE,300 000
04/09/2025,TOTALENERGIES MARKETING COTE D'IVOIRE,239 987
04/09/2025,PETRO IVOIRE,959 947
03/09/2025,PETRO IVOIRE,318 946
03/09/2025,TOTALENERGIES MARKETING COTE D'IVOIRE,79 737
03/09/2025,VIVO ENERGY CÔTE D'IVOIRE,300 000
27/08/2025,TOTALENERGIES MARKETING COTE D'IVOIRE,50 387
27/08/2025,VIVO ENERGY CÔTE D'IVOIRE,200 000
27/08/2025,PETRO IVOIRE,246 009
25/08/2025,VIVO ENERGY CÔTE D'IVOIRE,500 000
25/08/2025,TOTALENERGIES MARKETING COTE D'IVOIRE,168 155
25/08/2025,PETRO IVOIRE,820 991
25/08/2025,TOTALENERGIES MARKETING COTE D'IVOIRE,253 656
25/08/2025,PETRO IVOIRE,1 238 436
24/08/2025,TOTALENERGIES MARKETING COTE D'IVOIRE,474 566
24/08/2025,PETRO IVOIRE,2 316 999
24/08/2025,VIVO ENERGY CÔTE D'IVOIRE,200 000
21/08/2025,PETRO IVOIRE,462 518
21/08/2025,TOTALENERGIES MARKETING COTE D'IVOIRE,115 630
21/08/2025,VIVO ENERGY CÔTE D'IVOIRE,300 000
21/08/2025,TOTALENERGIES MARKETING COTE D'IVOIRE,348 113
21/08/2025,PETRO IVOIRE,1 699 609
20/08/2025,TOTALENERGIES MARKETING COTE D'IVOIRE,238 191
20/08/2025,VIVO ENERGY CÔTE D'IVOIRE,300 000
20/08/2025,PETRO IVOIRE,952 765
19/08/2025,PETRO IVOIRE,1 047 478
19/08/2025,TOTALENERGIES MARKETING COTE D'IVOIRE,261 869
19/08/2025,VIVO ENERGY CÔTE D'IVOIRE,200 000
15/08/2025,PETRO IVOIRE,595
15/08/2025,VIVO ENERGY CÔTE D'IVOIRE,100 000
15/08/2025,TOTALENERGIES MARKETING COTE D'IVOIRE,81 391
15/08/2025,PETRO IVOIRE,397 382
15/08/2025,VIVO ENERGY CÔTE D'IVOIRE,200 000
15/08/2025,TOTALENERGIES MARKETING COTE D'IVOIRE,220 820
15/08/2025,TOTALENERGIES MARKETING COTE D'IVOIRE,122
15/08/2025,PETRO IVOIRE,1 078 121
14/08/2025,PETRO IVOIRE,1 077 020
14/08/2025,TOTALENERGIES MARKETING COTE D'IVOIRE,220 594
14/08/2025,VIVO ENERGY CÔTE D'IVOIRE,200 000
14/08/2025,VIVO ENERGY CÔTE D'IVOIRE,100 000
14/08/2025,PETRO IVOIRE,1 162 642
14/08/2025,TOTALENERGIES MARKETING COTE D'IVOIRE,238 131
09/08/2025,TOTALENERGIES MARKETING COTE D'IVOIRE,190 174
09/08/2025,PETRO IVOIRE,928 497
07/08/2025,VIVO ENERGY CÔTE D'IVOIRE,400 000
07/08/2025,TOTALENERGIES MARKETING COTE D'IVOIRE,441 836
07/08/2025,PETRO IVOIRE,2 157 201
06/08/2025,VIVO ENERGY CÔTE D'IVOIRE,150 000
06/08/2025,PETRO IVOIRE,705 702
06/08/2025,TOTALENERGIES MARKETING COTE D'IVOIRE,144 541
05/08/2025,VIVO ENERGY CÔTE D'IVOIRE,250 000
05/08/2025,TOTALENERGIES MARKETING COTE D'IVOIRE,124 841
05/08/2025,PETRO IVOIRE,609 518
01/08/2025,VIVO ENERGY CÔTE D'IVOIRE,500 000
01/08/2025,PETRO IVOIRE,1 988 444
01/08/2025,TOTALENERGIES MARKETING COTE D'IVOIRE,500 000
31/07/2025,VIVO ENERGY CÔTE D'IVOIRE,100 000
31/07/2025,TOTALENERGIES MARKETING COTE D'IVOIRE,144 301
31/07/2025,PETRO IVOIRE,789 506
28/07/2025,PETRO IVOIRE,816 815
28/07/2025,TOTALENERGIES MARKETING COTE D'IVOIRE,174 070
26/07/2025,VIVO ENERGY CÔTE D'IVOIRE,850 000
26/07/2025,TOTALENERGIES MARKETING COTE D'IVOIRE,1 000 000
26/07/2025,PETRO IVOIRE,2 633 106
22/07/2025,PETRO IVOIRE,451 418
22/07/2025,TOTALENERGIES MARKETING COTE D'IVOIRE,120 587
22/07/2025,TOTALENERGIES MARKETING COTE D'IVOIRE,79 817
22/07/2025,PETRO IVOIRE,682 544
21/07/2025,PETRO IVOIRE,1 783 348
21/07/2025,TOTALENERGIES MARKETING COTE D'IVOIRE,314 739
21/07/2025,VIVO ENERGY CÔTE D'IVOIRE,500 000
18/07/2025,VIVO ENERGY CÔTE D'IVOIRE,500 000
18/07/2025,PETRO IVOIRE,2 137 954
18/07/2025,TOTALENERGIES MARKETING COTE D'IVOIRE,376 094
15/07/2025,PETRO IVOIRE,1 245 975
15/07/2025,TOTALENERGIES MARKETING COTE D'IVOIRE,225 917
14/07/2025,PETRO IVOIRE,1 265 587
14/07/2025,TOTALENERGIES MARKETING COTE D'IVOIRE,237 860
14/07/2025,TOTALENERGIES MARKETING COTE D'IVOIRE,220 513
14/07/2025,PETRO IVOIRE,1 271 063
13/07/2025,PETRO IVOIRE,1 272 490
13/07/2025,TOTALENERGIES MARKETING COTE D'IVOIRE,220 740
09/07/2025,TOTALENERGIES MARKETING COTE D'IVOIRE,218 450
09/07/2025,PETRO IVOIRE,1 284 273
08/07/2025,PETRO IVOIRE,2 612 109
08/07/2025,VIVO ENERGY CÔTE D'IVOIRE,1 000 000
08/07/2025,TOTALENERGIES MARKETING COTE D'IVOIRE,448 508
04/07/2025,PETRO IVOIRE,1 184 269
03/07/2025,PETRO IVOIRE,1 492 974
02/07/2025,PETRO IVOIRE,507 844
02/07/2025,VIVO ENERGY CÔTE D'IVOIRE,1 000 000
01/07/2025,TOTALENERGIES MARKETING COTE D'IVOIRE,757 688
01/07/2025,PETRO IVOIRE,725 112
28/06/2025,PETRO IVOIRE,1 226 778
28/06/2025,TOTALENERGIES MARKETING COTE D'IVOIRE,262 233
26/06/2025,TOTALENERGIES MARKETING COTE D'IVOIRE,413 603
26/06/2025,PETRO IVOIRE,2 086 557
26/06/2025,VIVO ENERGY CÔTE D'IVOIRE,500 000
24/06/2025,TOTALENERGIES MARKETING COTE D'IVOIRE,259 067
24/06/2025,PETRO IVOIRE,1 226 436
23/06/2025,PETRO IVOIRE,1 247 311
23/06/2025,TOTALENERGIES MARKETING COTE D'IVOIRE,271 742
21/06/2025,TOTALENERGIES MARKETING COTE D'IVOIRE,232 949
21/06/2025,PETRO IVOIRE,1 101 782
21/06/2025,VIVO ENERGY CÔTE D'IVOIRE,200 000
19/06/2025,PETRO IVOIRE,1 207 483
18/06/2025,PETRO IVOIRE,1 498 766
16/06/2025,TOTALENERGIES MARKETING COTE D'IVOIRE,691 669
16/06/2025,PETRO IVOIRE,1 293 751
16/06/2025,VIVO ENERGY CÔTE D'IVOIRE,1 000 000
14/06/2025,VIVO ENERGY CÔTE D'IVOIRE,1 300 000
14/06/2025,PETRO IVOIRE,2 494 273
14/06/2025,PETRO IVOIRE,2 238 169
14/06/2025,TOTALENERGIES MARKETING COTE D'IVOIRE,959 215
08/06/2025,TOTALENERGIES MARKETING COTE D'IVOIRE,250 507
08/06/2025,PETRO IVOIRE,1 264 113
05/06/2025,PETRO IVOIRE,2 045 218
05/06/2025,TOTALENERGIES MARKETING COTE D'IVOIRE,457 534
05/06/2025,VIVO ENERGY CÔTE D'IVOIRE,500 000
01/06/2025,TOTALENERGIES MARKETING COTE D'IVOIRE,231 949
01/06/2025,PETRO IVOIRE,918 276
01/06/2025,VIVO ENERGY CÔTE D'IVOIRE,200 000
31/05/2025,TOTALENERGIES MARKETING COTE D'IVOIRE,121 000
31/05/2025,PETRO IVOIRE,2 892 538
26/05/2025,VIVO ENERGY CÔTE D'IVOIRE,500 000
26/05/2025,PETRO IVOIRE,3 666 013
26/05/2025,TOTALENERGIES MARKETING COTE D'IVOIRE,842 937
21/05/2025,PETRO IVOIRE,1 247 623
20/05/2025,VIVO ENERGY CÔTE D'IVOIRE,500 000
20/05/2025,PETRO IVOIRE,988 831
17/05/2025,TOTALENERGIES MARKETING COTE D'IVOIRE,187 135
17/05/2025,PETRO IVOIRE,2 000 000
17/05/2025,VIVO ENERGY CÔTE D'IVOIRE,800 000
14/05/2025,PETRO IVOIRE,2 000 000
14/05/2025,VIVO ENERGY CÔTE D'IVOIRE,500 000
14/05/2025,TOTALENERGIES MARKETING COTE D'IVOIRE,0
14/05/2025,TOTALENERGIES MARKETING COTE D'IVOIRE,1 520 456
08/05/2025,PETRO IVOIRE,964 989
08/05/2025,TOTALENERGIES MARKETING COTE D'IVOIRE,207 056
07/05/2025,PETRO IVOIRE,1 600 141
07/05/2025,TOTALENERGIES MARKETING COTE D'IVOIRE,383 857
07/05/2025,VIVO ENERGY CÔTE D'IVOIRE,1 000 000
03/05/2025,TOTALENERGIES MARKETING COTE D'IVOIRE,542 629
03/05/2025,PETRO IVOIRE,1 499 597
03/05/2025,VIVO ENERGY CÔTE D'IVOIRE,500 000
30/04/2025,PETRO IVOIRE,1 126 070
30/04/2025,PETRO IVOIRE,379 819
26/04/2025,PETRO IVOIRE,100 512
26/04/2025,VIVO ENERGY CÔTE D'IVOIRE,1 400 000
24/04/2025,TOTALENERGIES MARKETING COTE D'IVOIRE,1 200 000
24/04/2025,PETRO IVOIRE,1 682 403
20/04/2025,PETRO IVOIRE,3 112 295
20/04/2025,TOTALENERGIES MARKETING COTE D'IVOIRE,815 453
15/04/2025,PETRO IVOIRE,1 140 763
15/04/2025,TOTALENERGIES MARKETING COTE D'IVOIRE,255 899
14/04/2025,VIVO ENERGY CÔTE D'IVOIRE,500 000
12/04/2025,PETRO IVOIRE,2 059 505
12/04/2025,TOTALENERGIES MARKETING COTE D'IVOIRE,454 110
09/04/2025,VIVO ENERGY CÔTE D'IVOIRE,800 000
09/04/2025,PETRO IVOIRE,1 202 233
07/04/2025,VIVO ENERGY CÔTE D'IVOIRE,700 000
07/04/2025,TOTALENERGIES MARKETING COTE D'IVOIRE,394 943
07/04/2025,PETRO IVOIRE,1 898 544
04/04/2025,PETRO IVOIRE,1 242 841
04/04/2025,TOTALENERGIES MARKETING COTE D'IVOIRE,256 441
03/04/2025,TOTALENERGIES MARKETING COTE D'IVOIRE,169 500
03/04/2025,VIVO ENERGY CÔTE D'IVOIRE,500 000
03/04/2025,PETRO IVOIRE,832 812
01/04/2025,PETRO IVOIRE,814 194
30/03/2025,PETRO IVOIRE,863 318
30/03/2025,PETRO IVOIRE,3 625 663
25/03/2025,PETRO IVOIRE,1 509 207
24/03/2025,VIVO ENERGY CÔTE D'IVOIRE,800 000
24/03/2025,PETRO IVOIRE,732 197
21/03/2025,PETRO IVOIRE,1 093 037
20/03/2025,VIVO ENERGY CÔTE D'IVOIRE,700 000
20/03/2025,PETRO IVOIRE,797 115
18/03/2025,PETRO IVOIRE,969 655
18/03/2025,TOTALENERGIES MARKETING COTE D'IVOIRE,219 057
15/03/2025,TOTALENERGIES MARKETING COTE D'IVOIRE,277 147
15/03/2025,PETRO IVOIRE,1 867 253
13/03/2025,TOTALENERGIES MARKETING COTE D'IVOIRE,530 614
13/03/2025,PETRO IVOIRE,2 471 721
10/03/2025,PETRO IVOIRE,572 166
10/03/2025,TOTALENERGIES MARKETING COTE D'IVOIRE,133 685
09/03/2025,PETRO IVOIRE,1 155 136
09/03/2025,TOTALENERGIES MARKETING COTE D'IVOIRE,287 164
08/03/2025,PETRO IVOIRE,1 226 180
08/03/2025,TOTALENERGIES MARKETING COTE D'IVOIRE,308 464
06/03/2025,PETRO IVOIRE,2 283 760
06/03/2025,VIVO ENERGY CÔTE D'IVOIRE,2 000 000
06/03/2025,PETRO IVOIRE,0
06/03/2025,VIVO ENERGY CÔTE D'IVOIRE,0
28/02/2025,TOTALENERGIES MARKETING COTE D'IVOIRE,897 311
27/02/2025,TOTALENERGIES MARKETING COTE D'IVOIRE,305 387
27/02/2025,PETRO IVOIRE,1 199 260
26/02/2025,PETRO IVOIRE,1 203 936
26/02/2025,TOTALENERGIES MARKETING COTE D'IVOIRE,290 539
25/02/2025,PETRO IVOIRE,1 444 338
25/02/2025,TOTALENERGIES MARKETING COTE D'IVOIRE,2 000 000
25/02/2025,VIVO ENERGY CÔTE D'IVOIRE,600 000
19/02/2025,TOTALENERGIES MARKETING COTE D'IVOIRE,198 248
19/02/2025,PETRO IVOIRE,892 419
18/02/2025,TOTALENERGIES MARKETING COTE D'IVOIRE,136 249
18/02/2025,VIVO ENERGY CÔTE D'IVOIRE,800 000
18/02/2025,PETRO IVOIRE,577 793
15/02/2025,PETRO IVOIRE,1 182 295
15/02/2025,TOTALENERGIES MARKETING COTE D'IVOIRE,295 339
13/02/2025,TOTALENERGIES MARKETING COTE D'IVOIRE,164 689
13/02/2025,PETRO IVOIRE,701 466
12/02/2025,TOTALENERGIES MARKETING COTE D'IVOIRE,267 534
12/02/2025,PETRO IVOIRE,1 140 358
10/02/2025,PETRO IVOIRE,1 234 605
10/02/2025,TOTALENERGIES MARKETING COTE D'IVOIRE,268 996
08/02/2025,TOTALENERGIES MARKETING COTE D'IVOIRE,59 251
08/02/2025,PETRO IVOIRE,337 273
07/02/2025,PETRO IVOIRE,1 113 135
07/02/2025,TOTALENERGIES MARKETING COTE D'IVOIRE,195 551
06/02/2025,TOTALENERGIES MARKETING COTE D'IVOIRE,208 784
06/02/2025,PETRO IVOIRE,1 188 460
05/02/2025,PETRO IVOIRE,423 463
05/02/2025,TOTALENERGIES MARKETING COTE D'IVOIRE,74 392
05/02/2025,VIVO ENERGY CÔTE D'IVOIRE,1 000 000
03/02/2025,TOTALENERGIES MARKETING COTE D'IVOIRE,184 455
03/02/2025,PETRO IVOIRE,1 144 163
03/02/2025,TOTALENERGIES MARKETING COTE D'IVOIRE,193 482
03/02/2025,PETRO IVOIRE,1 313 310
02/02/2025,VIVO ENERGY CÔTE D'IVOIRE,1 000 000
02/02/2025,PETRO IVOIRE,418 768
02/02/2025,TOTALENERGIES MARKETING COTE D'IVOIRE,61 456
29/01/2025,PETRO IVOIRE,948 364
29/01/2025,VIVO ENERGY CÔTE D'IVOIRE,650 000
29/01/2025,TOTALENERGIES MARKETING COTE D'IVOIRE,190 633
28/01/2025,TOTALENERGIES MARKETING COTE D'IVOIRE,233 678
28/01/2025,PETRO IVOIRE,1 273 053
27/01/2025,TOTALENERGIES MARKETING COTE D'IVOIRE,263 305
27/01/2025,PETRO IVOIRE,1 228 002
25/01/2025,TOTALENERGIES MARKETING COTE D'IVOIRE,89 172
25/01/2025,PETRO IVOIRE,400 290
24/01/2025,PETRO IVOIRE,3 677 762
24/01/2025,TOTALENERGIES MARKETING COTE D'IVOIRE,813 674
18/01/2025,TOTALENERGIES MARKETING COTE D'IVOIRE,239 108
18/01/2025,PETRO IVOIRE,960 797
17/01/2025,TOTALENERGIES MARKETING COTE D'IVOIRE,288 229
17/01/2025,PETRO IVOIRE,1 205 791
16/01/2025,VIVO ENERGY CÔTE D'IVOIRE,1 300 000
16/01/2025,PETRO IVOIRE,166 802
16/01/2025,TOTALENERGIES MARKETING COTE D'IVOIRE,41 202
14/01/2025,VIVO ENERGY CÔTE D'IVOIRE,1 000 000
14/01/2025,PETRO IVOIRE,1 602 884
14/01/2025,TOTALENERGIES MARKETING COTE D'IVOIRE,378 315
13/01/2025,TOTALENERGIES MARKETING COTE D'IVOIRE,409 966
13/01/2025,PETRO IVOIRE,1 778 266
08/01/2025,TOTALENERGIES MARKETING COTE D'IVOIRE,232 864
08/01/2025,PETRO IVOIRE,966 990
07/01/2025,TOTALENERGIES MARKETING COTE D'IVOIRE,551 472
07/01/2025,PETRO IVOIRE,2 445 841
04/01/2025,TOTALENERGIES MARKETING COTE D'IVOIRE,379 426
04/01/2025,PETRO IVOIRE,1 629 458
02/01/2025,PETRO IVOIRE,1 211 384
02/01/2025,TOTALENERGIES MARKETING COTE D'IVOIRE,288 759
01/01/2025,VIVO ENERGY CÔTE D'IVOIRE,1 000 000
01/01/2025,PETRO IVOIRE,1 600 787
01/01/2025,TOTALENERGIES MARKETING COTE D'IVOIRE,399 216
31/12/2024,PETRO IVOIRE,196 055
27/12/2024,TOTALENERGIES MARKETING COTE D'IVOIRE,490 307
27/12/2024,PETRO IVOIRE,2 176 951
23/12/2024,PETRO IVOIRE,677 325
22/12/2024,PETRO IVOIRE,1 500 752
21/12/2024,VIVO ENERGY CÔTE D'IVOIRE,700 000
21/12/2024,PETRO IVOIRE,2 303 824
18/12/2024,PETRO IVOIRE,1 904 232
16/12/2024,PETRO IVOIRE,2 983 686
13/12/2024,PETRO IVOIRE,2 012 769
13/12/2024,VIVO ENERGY CÔTE D'IVOIRE,1 500 000
10/12/2024,VIVO ENERGY CÔTE D'IVOIRE,1 500 000
10/12/2024,PETRO IVOIRE,1 530 287
09/12/2024,PETRO IVOIRE,1 500 181
06/12/2024,PETRO IVOIRE,473 912
04/12/2024,TOTALENERGIES MARKETING COTE D'IVOIRE,39 686
04/12/2024,PETRO IVOIRE,1 453 034
30/11/2024,PETRO IVOIRE,1 500 000
30/11/2024,TOTALENERGIES MARKETING COTE D'IVOIRE,3 000 000
26/11/2024,TOTALENERGIES MARKETING COTE D'IVOIRE,310 588
26/11/2024,PETRO IVOIRE,1 622 623
23/11/2024,TOTALENERGIES MARKETING COTE D'IVOIRE,312 039
23/11/2024,VIVO ENERGY CÔTE D'IVOIRE,1 000 000
23/11/2024,PETRO IVOIRE,1 689 100
21/11/2024,PETRO IVOIRE,1 210 354
21/11/2024,TOTALENERGIES MARKETING COTE D'IVOIRE,172 497
21/11/2024,PETRO IVOIRE,754 029
21/11/2024,TOTALENERGIES MARKETING COTE D'IVOIRE,277 362
20/11/2024,TOTALENERGIES MARKETING COTE D'IVOIRE,259 172
20/11/2024,PETRO IVOIRE,1 251 523
16/11/2024,TOTALENERGIES MARKETING COTE D'IVOIRE,157 781
16/11/2024,PETRO IVOIRE,662 323
15/11/2024,PETRO IVOIRE,21 077
15/11/2024,VIVO ENERGY CÔTE D'IVOIRE,1 500 000
15/11/2024,TOTALENERGIES MARKETING COTE D'IVOIRE,4 868
14/11/2024,PETRO IVOIRE,1 180 111
14/11/2024,TOTALENERGIES MARKETING COTE D'IVOIRE,320 553
13/11/2024,PETRO IVOIRE,1 153 110
13/11/2024,TOTALENERGIES MARKETING COTE D'IVOIRE,326 041
10/11/2024,PETRO IVOIRE,1 200 039
10/11/2024,TOTALENERGIES MARKETING COTE D'IVOIRE,301 413
09/11/2024,PETRO IVOIRE,1 226 875
09/11/2024,TOTALENERGIES MARKETING COTE D'IVOIRE,273 720
08/11/2024,PETRO IVOIRE,1 230 763
08/11/2024,TOTALENERGIES MARKETING COTE D'IVOIRE,274 590
05/11/2024,VIVO ENERGY CÔTE D'IVOIRE,399 849
05/11/2024,PETRO IVOIRE,243 168
05/11/2024,TOTALENERGIES MARKETING COTE D'IVOIRE,45 625
03/11/2024,VIVO ENERGY CÔTE D'IVOIRE,1 100 151
01/11/2024,PETRO IVOIRE,2 458 763
01/11/2024,TOTALENERGIES MARKETING COTE D'IVOIRE,534 555
29/10/2024,VIVO ENERGY CÔTE D'IVOIRE,200 000
29/10/2024,PETRO IVOIRE,1 011 704
29/10/2024,TOTALENERGIES MARKETING COTE D'IVOIRE,188 402
27/10/2024,TOTALENERGIES MARKETING COTE D'IVOIRE,486 876
27/10/2024,PETRO IVOIRE,2 517 047
24/10/2024,TOTALENERGIES MARKETING COTE D'IVOIRE,93 999
24/10/2024,PETRO IVOIRE,519 414
23/10/2024,TOTALENERGIES MARKETING COTE D'IVOIRE,264 057
23/10/2024,PETRO IVOIRE,1 262 342
22/10/2024,TOTALENERGIES MARKETING COTE D'IVOIRE,442 706
22/10/2024,PETRO IVOIRE,1 962 096
22/10/2024,VIVO ENERGY CÔTE D'IVOIRE,600 000
19/10/2024,TOTALENERGIES MARKETING COTE D'IVOIRE,166 990
19/10/2024,PETRO IVOIRE,783 073
18/10/2024,TOTALENERGIES MARKETING COTE D'IVOIRE,542 777
18/10/2024,PETRO IVOIRE,2 446 025
17/10/2024,PETRO IVOIRE,1 236 914
17/10/2024,TOTALENERGIES MARKETING COTE D'IVOIRE,265 366
12/10/2024,TOTALENERGIES MARKETING COTE D'IVOIRE,302 533
12/10/2024,PETRO IVOIRE,1 185 760
11/10/2024,TOTALENERGIES MARKETING COTE D'IVOIRE,320 213
11/10/2024,PETRO IVOIRE,1 181 988
10/10/2024,VIVO ENERGY CÔTE D'IVOIRE,1 500 000
10/10/2024,TOTALENERGIES MARKETING COTE D'IVOIRE,334
10/10/2024,PETRO IVOIRE,534
08/10/2024,TOTALENERGIES MARKETING COTE D'IVOIRE,90 029
08/10/2024,PETRO IVOIRE,413 319
05/10/2024,PETRO IVOIRE,1 254 925
05/10/2024,TOTALENERGIES MARKETING COTE D'IVOIRE,270 725
04/10/2024,TOTALENERGIES MARKETING COTE D'IVOIRE,269 467
04/10/2024,PETRO IVOIRE,1 249 091
02/10/2024,PETRO IVOIRE,702 453
01/10/2024,VIVO ENERGY CÔTE D'IVOIRE,1 300 000
01/10/2024,PETRO IVOIRE,201 963
30/09/2024,PETRO IVOIRE,2 339 660
30/09/2024,TOTALENERGIES MARKETING COTE D'IVOIRE,464 786
30/09/2024,VIVO ENERGY CÔTE D'IVOIRE,200 000
27/09/2024,PETRO IVOIRE,2 984 736
27/09/2024,TOTALENERGIES MARKETING COTE D'IVOIRE,806 861
27/09/2024,VIVO ENERGY CÔTE D'IVOIRE,200 000
24/09/2024,PETRO IVOIRE,935 203
24/09/2024,TOTALENERGIES MARKETING COTE D'IVOIRE,314 925
23/09/2024,PETRO IVOIRE,2 065 024
23/09/2024,TOTALENERGIES MARKETING COTE D'IVOIRE,695 290
22/09/2024,TOTALENERGIES MARKETING COTE D'IVOIRE,123 334
22/09/2024,PETRO IVOIRE,375 642
22/09/2024,VIVO ENERGY CÔTE D'IVOIRE,1 000 000
19/09/2024,PETRO IVOIRE,618 294
19/09/2024,TOTALENERGIES MARKETING COTE D'IVOIRE,180 234
14/09/2024,TOTALENERGIES MARKETING COTE D'IVOIRE,113 768
14/09/2024,PETRO IVOIRE,477 288
13/09/2024,PETRO IVOIRE,1 238 268
13/09/2024,TOTALENERGIES MARKETING COTE D'IVOIRE,295 557
12/09/2024,TOTALENERGIES MARKETING COTE D'IVOIRE,277 369
12/09/2024,PETRO IVOIRE,1 195 217
11/09/2024,TOTALENERGIES MARKETING COTE D'IVOIRE,96 207
11/09/2024,PETRO IVOIRE,415 897
11/09/2024,VIVO ENERGY CÔTE D'IVOIRE,1 000 000
07/09/2024,PETRO IVOIRE,3 359 311
07/09/2024,TOTALENERGIES MARKETING COTE D'IVOIRE,1 089 375
04/09/2024,VIVO ENERGY CÔTE D'IVOIRE,1 500 000
04/09/2024,PETRO IVOIRE,743 091
04/09/2024,TOTALENERGIES MARKETING COTE D'IVOIRE,247 048
03/09/2024,PETRO IVOIRE,1 077 035
03/09/2024,TOTALENERGIES MARKETING COTE D'IVOIRE,410 578
28/08/2024,TOTALENERGIES MARKETING COTE D'IVOIRE,162 231
28/08/2024,PETRO IVOIRE,643 826
27/08/2024,PETRO IVOIRE,1 192 508
27/08/2024,TOTALENERGIES MARKETING COTE D'IVOIRE,300 374
25/08/2024,VIVO ENERGY CÔTE D'IVOIRE,800 000
25/08/2024,TOTALENERGIES MARKETING COTE D'IVOIRE,149 899
25/08/2024,PETRO IVOIRE,539 672
22/08/2024,PETRO IVOIRE,393 659
22/08/2024,PETRO IVOIRE,1 057 025
22/08/2024,TOTALENERGIES MARKETING COTE D'IVOIRE,238 883
22/08/2024,TOTALENERGIES MARKETING COTE D'IVOIRE,88 975
21/08/2024,TOTALENERGIES MARKETING COTE D'IVOIRE,97 171
21/08/2024,PETRO IVOIRE,413 307
21/08/2024,TOTALENERGIES MARKETING COTE D'IVOIRE,286 798
21/08/2024,PETRO IVOIRE,1 220 200
21/08/2024,VIVO ENERGY CÔTE D'IVOIRE,1 000 000
18/08/2024,TOTALENERGIES MARKETING COTE D'IVOIRE,207 470
18/08/2024,PETRO IVOIRE,982 700
17/08/2024,PETRO IVOIRE,1 257 567
17/08/2024,TOTALENERGIES MARKETING COTE D'IVOIRE,265 413
17/08/2024,TOTALENERGIES MARKETING COTE D'IVOIRE,266 767
17/08/2024,PETRO IVOIRE,1 263 988
13/08/2024,PETRO IVOIRE,793 878
13/08/2024,TOTALENERGIES MARKETING COTE D'IVOIRE,199 622
13/08/2024,TOTALENERGIES MARKETING COTE D'IVOIRE,302 112
13/08/2024,PETRO IVOIRE,1 201 471
09/08/2024,TOTALENERGIES MARKETING COTE D'IVOIRE,323 753
09/08/2024,PETRO IVOIRE,1 193 157
09/08/2024,TOTALENERGIES MARKETING COTE D'IVOIRE,199 895
09/08/2024,PETRO IVOIRE,702 678
07/08/2024,VIVO ENERGY CÔTE D'IVOIRE,1 000 000
07/08/2024,PETRO IVOIRE,1 193 194
07/08/2024,TOTALENERGIES MARKETING COTE D'IVOIRE,323 762
07/08/2024,TOTALENERGIES MARKETING COTE D'IVOIRE,108 369
07/08/2024,PETRO IVOIRE,398 931
02/08/2024,PETRO IVOIRE,1 191 886
02/08/2024,TOTALENERGIES MARKETING COTE D'IVOIRE,311 900
01/08/2024,VIVO ENERGY CÔTE D'IVOIRE,1 000 000
01/08/2024,PETRO IVOIRE,1 563 192
01/08/2024,TOTALENERGIES MARKETING COTE D'IVOIRE,426 979
31/07/2024,PETRO IVOIRE,1 585 139
25/07/2024,PETRO IVOIRE,1 093 999
25/07/2024,TOTALENERGIES MARKETING COTE D'IVOIRE,295 168
24/07/2024,VIVO ENERGY CÔTE D'IVOIRE,800 000
24/07/2024,TOTALENERGIES MARKETING COTE D'IVOIRE,443 135
24/07/2024,PETRO IVOIRE,1 787 175
19/07/2024,TOTALENERGIES MARKETING COTE D'IVOIRE,515 500
19/07/2024,VIVO ENERGY CÔTE D'IVOIRE,1 000 000
19/07/2024,PETRO IVOIRE,2 063 724
14/07/2024,TOTALENERGIES MARKETING COTE D'IVOIRE,121 485
14/07/2024,PETRO IVOIRE,323 147
14/07/2024,VIVO ENERGY CÔTE D'IVOIRE,200 000
13/07/2024,TOTALENERGIES MARKETING COTE D'IVOIRE,829 997
13/07/2024,PETRO IVOIRE,2 207 320
09/07/2024,TOTALENERGIES MARKETING COTE D'IVOIRE,507 748
09/07/2024,PETRO IVOIRE,1 200 234
09/07/2024,VIVO ENERGY CÔTE D'IVOIRE,300 000
07/07/2024,TOTALENERGIES MARKETING COTE D'IVOIRE,445 807
07/07/2024,PETRO IVOIRE,1 053 861
04/07/2024,PETRO IVOIRE,677 321
04/07/2024,TOTALENERGIES MARKETING COTE D'IVOIRE,220 505
03/07/2024,TOTALENERGIES MARKETING COTE D'IVOIRE,497 885
03/07/2024,PETRO IVOIRE,1 529 719
03/07/2024,VIVO ENERGY CÔTE D'IVOIRE,1 000 000
28/06/2024,TOTALENERGIES MARKETING COTE D'IVOIRE,104 844
28/06/2024,PETRO IVOIRE,400 214
27/06/2024,TOTALENERGIES MARKETING COTE D'IVOIRE,307 571
27/06/2024,PETRO IVOIRE,1 191 442
26/06/2024,PETRO IVOIRE,834 608
26/06/2024,VIVO ENERGY CÔTE D'IVOIRE,450 000
26/06/2024,TOTALENERGIES MARKETING COTE D'IVOIRE,215 548
23/06/2024,TOTALENERGIES MARKETING COTE D'IVOIRE,184 678
23/06/2024,PETRO IVOIRE,807 495
23/06/2024,TOTALENERGIES MARKETING COTE D'IVOIRE,0
21/06/2024,PETRO IVOIRE,1 189 634
21/06/2024,TOTALENERGIES MARKETING COTE D'IVOIRE,324 114
20/06/2024,TOTALENERGIES MARKETING COTE D'IVOIRE,205 452
20/06/2024,PETRO IVOIRE,804 435
20/06/2024,VIVO ENERGY CÔTE D'IVOIRE,500 000
16/06/2024,TOTALENERGIES MARKETING COTE D'IVOIRE,225 502
16/06/2024,PETRO IVOIRE,771 688
15/06/2024,PETRO IVOIRE,1 026 608
15/06/2024,TOTALENERGIES MARKETING COTE D'IVOIRE,279 769
13/06/2024,TOTALENERGIES MARKETING COTE D'IVOIRE,167 578
13/06/2024,PETRO IVOIRE,614 163
13/06/2024,VIVO ENERGY CÔTE D'IVOIRE,700 000
10/06/2024,PETRO IVOIRE,580 209
10/06/2024,TOTALENERGIES MARKETING COTE D'IVOIRE,120 748
08/06/2024,TOTALENERGIES MARKETING COTE D'IVOIRE,297 072
08/06/2024,PETRO IVOIRE,1 172 972
07/06/2024,TOTALENERGIES MARKETING COTE D'IVOIRE,302 763
07/06/2024,PETRO IVOIRE,1 195 475
04/06/2024,PETRO IVOIRE,1 043 396
04/06/2024,TOTALENERGIES MARKETING COTE D'IVOIRE,360 837
02/06/2024,PETRO IVOIRE,208 504
02/06/2024,VIVO ENERGY CÔTE D'IVOIRE,1 000 000
02/06/2024,TOTALENERGIES MARKETING COTE D'IVOIRE,74 252
31/05/2024,TOTALENERGIES MARKETING COTE D'IVOIRE,396 293
31/05/2024,PETRO IVOIRE,1 116 863
28/05/2024,PETRO IVOIRE,799 321
28/05/2024,TOTALENERGIES MARKETING COTE D'IVOIRE,223 934
27/05/2024,TOTALENERGIES MARKETING COTE D'IVOIRE,323 409
27/05/2024,PETRO IVOIRE,1 044 596
26/05/2024,PETRO IVOIRE,774 536
26/05/2024,TOTALENERGIES MARKETING COTE D'IVOIRE,239 641
26/05/2024,VIVO ENERGY CÔTE D'IVOIRE,500 000
24/05/2024,TOTALENERGIES MARKETING COTE D'IVOIRE,340 318
24/05/2024,PETRO IVOIRE,1 150 877
18/05/2024,PETRO IVOIRE,1 237 986
18/05/2024,VIVO ENERGY CÔTE D'IVOIRE,200 000
18/05/2024,TOTALENERGIES MARKETING COTE D'IVOIRE,265 071
18/05/2024,TOTALENERGIES MARKETING COTE D'IVOIRE,227 164
18/05/2024,PETRO IVOIRE,1 061 512
14/05/2024,TOTALENERGIES MARKETING COTE D'IVOIRE,157 097
14/05/2024,PETRO IVOIRE,956 212
12/05/2024,PETRO IVOIRE,927 950
12/05/2024,TOTALENERGIES MARKETING COTE D'IVOIRE,180 324
11/05/2024,VIVO ENERGY CÔTE D'IVOIRE,700 000
11/05/2024,TOTALENERGIES MARKETING COTE D'IVOIRE,131 539
11/05/2024,PETRO IVOIRE,678 281
08/05/2024,TOTALENERGIES MARKETING COTE D'IVOIRE,331 534
08/05/2024,PETRO IVOIRE,395 586
08/05/2024,PETRO IVOIRE,1 189 902
08/05/2024,VIVO ENERGY CÔTE D'IVOIRE,300 000
08/05/2024,TOTALENERGIES MARKETING COTE D'IVOIRE,109 815
05/05/2024,PETRO IVOIRE,1 016 909
05/05/2024,TOTALENERGIES MARKETING COTE D'IVOIRE,216 341
04/05/2024,PETRO IVOIRE,666 853
04/05/2024,TOTALENERGIES MARKETING COTE D'IVOIRE,141 925
04/05/2024,VIVO ENERGY CÔTE D'IVOIRE,700 000
30/04/2024,VIVO ENERGY CÔTE D'IVOIRE,200 000
30/04/2024,PETRO IVOIRE,1 516 552
30/04/2024,TOTALENERGIES MARKETING COTE D'IVOIRE,238 617
27/04/2024,VIVO ENERGY CÔTE D'IVOIRE,500 000
27/04/2024,TOTALENERGIES MARKETING COTE D'IVOIRE,417 936
27/04/2024,PETRO IVOIRE,2 076 704
23/04/2024,PETRO IVOIRE,416 204
23/04/2024,PETRO IVOIRE,1 209 576
23/04/2024,TOTALENERGIES MARKETING COTE D'IVOIRE,284 703
23/04/2024,TOTALENERGIES MARKETING COTE D'IVOIRE,110 976
22/04/2024,TOTALENERGIES MARKETING COTE D'IVOIRE,245 862
22/04/2024,PETRO IVOIRE,1 044 964
22/04/2024,VIVO ENERGY CÔTE D'IVOIRE,200 000
16/04/2024,TOTALENERGIES MARKETING COTE D'IVOIRE,231 345
16/04/2024,PETRO IVOIRE,928 370
15/04/2024,PETRO IVOIRE,1 200 348
15/04/2024,TOTALENERGIES MARKETING COTE D'IVOIRE,287 149
13/04/2024,PETRO IVOIRE,1 040 473
13/04/2024,TOTALENERGIES MARKETING COTE D'IVOIRE,275 246
13/04/2024,VIVO ENERGY CÔTE D'IVOIRE,200 000
10/04/2024,TOTALENERGIES MARKETING COTE D'IVOIRE,320 086
10/04/2024,PETRO IVOIRE,985 591
08/04/2024,PETRO IVOIRE,662 247
08/04/2024,TOTALENERGIES MARKETING COTE D'IVOIRE,184 252
07/04/2024,TOTALENERGIES MARKETING COTE D'IVOIRE,106 740
07/04/2024,PETRO IVOIRE,1 156 339
07/04/2024,TOTALENERGIES MARKETING COTE D'IVOIRE,322 137
07/04/2024,PETRO IVOIRE,384 500
03/04/2024,PETRO IVOIRE,837 514
03/04/2024,TOTALENERGIES MARKETING COTE D'IVOIRE,150 444
02/04/2024,TOTALENERGIES MARKETING COTE D'IVOIRE,153 820
02/04/2024,VIVO ENERGY CÔTE D'IVOIRE,500 000
02/04/2024,PETRO IVOIRE,856 189
28/03/2024,PETRO IVOIRE,1 012 598
28/03/2024,TOTALENERGIES MARKETING COTE D'IVOIRE,237 879
27/03/2024,TOTALENERGIES MARKETING COTE D'IVOIRE,284 622
27/03/2024,PETRO IVOIRE,1 151 375
26/03/2024,TOTALENERGIES MARKETING COTE D'IVOIRE,289 823
26/03/2024,PETRO IVOIRE,1 163 756
21/03/2024,PETRO IVOIRE,1 008 377
21/03/2024,TOTALENERGIES MARKETING COTE D'IVOIRE,216 097
19/03/2024,TOTALENERGIES MARKETING COTE D'IVOIRE,258 568
19/03/2024,PETRO IVOIRE,1 185 525
19/03/2024,TOTALENERGIES MARKETING COTE D'IVOIRE,270 243
19/03/2024,PETRO IVOIRE,1 238 894
14/03/2024,PETRO IVOIRE,891 908
14/03/2024,TOTALENERGIES MARKETING COTE D'IVOIRE,229 619
13/03/2024,PETRO IVOIRE,1 076 146
13/03/2024,TOTALENERGIES MARKETING COTE D'IVOIRE,315 746
12/03/2024,TOTALENERGIES MARKETING COTE D'IVOIRE,331 193
12/03/2024,PETRO IVOIRE,1 128 714
06/03/2024,TOTALENERGIES MARKETING COTE D'IVOIRE,310 547
06/03/2024,PETRO IVOIRE,1 124 753
06/03/2024,PETRO IVOIRE,442 296
06/03/2024,TOTALENERGIES MARKETING COTE D'IVOIRE,121 812
05/03/2024,TOTALENERGIES MARKETING COTE D'IVOIRE,289 918
05/03/2024,PETRO IVOIRE,1 135 167
28/02/2024,PETRO IVOIRE,553 163
28/02/2024,TOTALENERGIES MARKETING COTE D'IVOIRE,386 979
28/02/2024,PETRO IVOIRE,1 062 398
28/02/2024,TOTALENERGIES MARKETING COTE D'IVOIRE,201 453
24/02/2024,TOTALENERGIES MARKETING COTE D'IVOIRE,382 652
24/02/2024,PETRO IVOIRE,1 069 168
23/02/2024,PETRO IVOIRE,1 050 255
23/02/2024,TOTALENERGIES MARKETING COTE D'IVOIRE,363 740
18/02/2024,PETRO IVOIRE,363 672
18/02/2024,TOTALENERGIES MARKETING COTE D'IVOIRE,376 821
18/02/2024,PETRO IVOIRE,1 029 921
18/02/2024,TOTALENERGIES MARKETING COTE D'IVOIRE,135 122
17/02/2024,PETRO IVOIRE,1 065 454
17/02/2024,TOTALENERGIES MARKETING COTE D'IVOIRE,389 826
10/02/2024,TOTALENERGIES MARKETING COTE D'IVOIRE,212 950
10/02/2024,PETRO IVOIRE,792 595
09/02/2024,TOTALENERGIES MARKETING COTE D'IVOIRE,292 497
09/02/2024,PETRO IVOIRE,1 151 616
04/02/2024,TOTALENERGIES MARKETING COTE D'IVOIRE,267 026
04/02/2024,PETRO IVOIRE,715 439
03/02/2024,PETRO IVOIRE,1 042 263
03/02/2024,TOTALENERGIES MARKETING COTE D'IVOIRE,388 937
02/02/2024,PETRO IVOIRE,1 071 161
02/02/2024,TOTALENERGIES MARKETING COTE D'IVOIRE,399 717
30/01/2024,PETRO IVOIRE,674 557
30/01/2024,TOTALENERGIES MARKETING COTE D'IVOIRE,207 682
27/01/2024,TOTALENERGIES MARKETING COTE D'IVOIRE,324 689
27/01/2024,PETRO IVOIRE,1 132 201
26/01/2024,TOTALENERGIES MARKETING COTE D'IVOIRE,336 017
26/01/2024,PETRO IVOIRE,1 123 749
20/01/2024,PETRO IVOIRE,1 091 187
20/01/2024,TOTALENERGIES MARKETING COTE D'IVOIRE,137 360
20/01/2024,PETRO IVOIRE,346 327
20/01/2024,TOTALENERGIES MARKETING COTE D'IVOIRE,432 117
19/01/2024,PETRO IVOIRE,1 080 001
19/01/2024,TOTALENERGIES MARKETING COTE D'IVOIRE,420 147
13/01/2024,PETRO IVOIRE,1 099 305
13/01/2024,PETRO IVOIRE,296 367
13/01/2024,TOTALENERGIES MARKETING COTE D'IVOIRE,414 348
13/01/2024,TOTALENERGIES MARKETING COTE D'IVOIRE,110 587
11/01/2024,TOTALENERGIES MARKETING COTE D'IVOIRE,408 756
11/01/2024,PETRO IVOIRE,1 085 123
07/01/2024,PETRO IVOIRE,1 122 511
07/01/2024,TOTALENERGIES MARKETING COTE D'IVOIRE,381 648
05/01/2024,TOTALENERGIES MARKETING COTE D'IVOIRE,291 918
05/01/2024,PETRO IVOIRE,978 892
31/12/2023,PETRO IVOIRE,714 753
31/12/2023,TOTALENERGIES MARKETING COTE D'IVOIRE,241 827
30/12/2023,TOTALENERGIES MARKETING COTE D'IVOIRE,389 498
30/12/2023,PETRO IVOIRE,1 113 009
27/12/2023,TOTALENERGIES MARKETING COTE D'IVOIRE,301 415
27/12/2023,PETRO IVOIRE,796 557
23/12/2023,PETRO IVOIRE,1 060 956
23/12/2023,TOTALENERGIES MARKETING COTE D'IVOIRE,437 930
20/12/2023,PETRO IVOIRE,1 077 057
20/12/2023,TOTALENERGIES MARKETING COTE D'IVOIRE,411 344
19/12/2023,TOTALENERGIES MARKETING COTE D'IVOIRE,404 192
19/12/2023,PETRO IVOIRE,1 103 169
14/12/2023,PETRO IVOIRE,755 551
14/12/2023,TOTALENERGIES MARKETING COTE D'IVOIRE,285 914
13/12/2023,PETRO IVOIRE,1 093 837
13/12/2023,TOTALENERGIES MARKETING COTE D'IVOIRE,406 176
08/12/2023,TOTALENERGIES MARKETING COTE D'IVOIRE,224 211
08/12/2023,PETRO IVOIRE,641 723
07/12/2023,TOTALENERGIES MARKETING COTE D'IVOIRE,238 484
07/12/2023,PETRO IVOIRE,667 504
06/12/2023,TOTALENERGIES MARKETING COTE D'IVOIRE,395 547
06/12/2023,PETRO IVOIRE,1 071 261
01/12/2023,PETRO IVOIRE,1 071 032
01/12/2023,TOTALENERGIES MARKETING COTE D'IVOIRE,420 899
29/11/2023,TOTALENERGIES MARKETING COTE D'IVOIRE,404 071
29/11/2023,PETRO IVOIRE,1 090 105
25/11/2023,PETRO IVOIRE,1 181 739
25/11/2023,TOTALENERGIES MARKETING COTE D'IVOIRE,313 415
25/11/2023,PETRO IVOIRE,391 614
25/11/2023,TOTALENERGIES MARKETING COTE D'IVOIRE,103 728
24/11/2023,PETRO IVOIRE,1 192 593
24/11/2023,TOTALENERGIES MARKETING COTE D'IVOIRE,316 296
17/11/2023,PETRO IVOIRE,923 500
17/11/2023,TOTALENERGIES MARKETING COTE D'IVOIRE,217 582
16/11/2023,PETRO IVOIRE,1 181 528
16/11/2023,TOTALENERGIES MARKETING COTE D'IVOIRE,305 606
14/11/2023,PETRO IVOIRE,1 187 409
14/11/2023,TOTALENERGIES MARKETING COTE D'IVOIRE,326 715
10/11/2023,PETRO IVOIRE,1 096 156
10/11/2023,PETRO IVOIRE,410 235
10/11/2023,TOTALENERGIES MARKETING COTE D'IVOIRE,144 659
10/11/2023,TOTALENERGIES MARKETING COTE D'IVOIRE,386 157
08/11/2023,PETRO IVOIRE,1 128 329
08/11/2023,TOTALENERGIES MARKETING COTE D'IVOIRE,376 301
03/11/2023,TOTALENERGIES MARKETING COTE D'IVOIRE,272 935
03/11/2023,PETRO IVOIRE,925 709
01/11/2023,TOTALENERGIES MARKETING COTE D'IVOIRE,345 697
01/11/2023,PETRO IVOIRE,1 182 254
29/10/2023,PETRO IVOIRE,451 147
29/10/2023,TOTALENERGIES MARKETING COTE D'IVOIRE,363 885
29/10/2023,PETRO IVOIRE,1 145 470
29/10/2023,TOTALENERGIES MARKETING COTE D'IVOIRE,143 419
28/10/2023,TOTALENERGIES MARKETING COTE D'IVOIRE,364 679
28/10/2023,PETRO IVOIRE,1 147 970
22/10/2023,PETRO IVOIRE,903 160
22/10/2023,TOTALENERGIES MARKETING COTE D'IVOIRE,261 384
20/10/2023,PETRO IVOIRE,943 342
20/10/2023,TOTALENERGIES MARKETING COTE D'IVOIRE,259 322
19/10/2023,TOTALENERGIES MARKETING COTE D'IVOIRE,322 139
19/10/2023,PETRO IVOIRE,1 171 842
15/10/2023,PETRO IVOIRE,1 148 174
15/10/2023,TOTALENERGIES MARKETING COTE D'IVOIRE,356 587
13/10/2023,TOTALENERGIES MARKETING COTE D'IVOIRE,322 382
13/10/2023,PETRO IVOIRE,1 187 661
10/10/2023,TOTALENERGIES MARKETING COTE D'IVOIRE,279 907
10/10/2023,PETRO IVOIRE,1 039 336
09/10/2023,TOTALENERGIES MARKETING COTE D'IVOIRE,319 249
09/10/2023,PETRO IVOIRE,1 198 989
05/10/2023,TOTALENERGIES MARKETING COTE D'IVOIRE,203 426
05/10/2023,PETRO IVOIRE,716 241
04/10/2023,PETRO IVOIRE,838 416
04/10/2023,TOTALENERGIES MARKETING COTE D'IVOIRE,238 110
03/10/2023,TOTALENERGIES MARKETING COTE D'IVOIRE,327 270
03/10/2023,PETRO IVOIRE,1 200 042
02/10/2023,TOTALENERGIES MARKETING COTE D'IVOIRE,315 289
02/10/2023,PETRO IVOIRE,1 156 110
27/09/2023,PETRO IVOIRE,1 150 150
27/09/2023,TOTALENERGIES MARKETING COTE D'IVOIRE,345 666
27/09/2023,PETRO IVOIRE,756 970
27/09/2023,TOTALENERGIES MARKETING COTE D'IVOIRE,246 591
24/09/2023,TOTALENERGIES MARKETING COTE D'IVOIRE,335 844
24/09/2023,PETRO IVOIRE,1 158 586
23/09/2023,TOTALENERGIES MARKETING COTE D'IVOIRE,331 816
23/09/2023,TOTALENERGIES MARKETING COTE D'IVOIRE,44 643
23/09/2023,PETRO IVOIRE,159 331
23/09/2023,PETRO IVOIRE,1 178 407
23/09/2023,TOTALENERGIES MARKETING COTE D'IVOIRE,329 581
23/09/2023,PETRO IVOIRE,1 186 398
14/09/2023,PETRO IVOIRE,1 120 208
14/09/2023,TOTALENERGIES MARKETING COTE D'IVOIRE,377 829
11/09/2023,PETRO IVOIRE,750 374
11/09/2023,TOTALENERGIES MARKETING COTE D'IVOIRE,254 653
11/09/2023,PETRO IVOIRE,1 104 133
11/09/2023,TOTALENERGIES MARKETING COTE D'IVOIRE,374 589
10/09/2023,PETRO IVOIRE,1 079 474
10/09/2023,TOTALENERGIES MARKETING COTE D'IVOIRE,404 645
03/09/2023,PETRO IVOIRE,747 845
03/09/2023,TOTALENERGIES MARKETING COTE D'IVOIRE,272 243
02/09/2023,PETRO IVOIRE,1 096 069
02/09/2023,TOTALENERGIES MARKETING COTE D'IVOIRE,398 870
01/09/2023,PETRO IVOIRE,732 026
01/09/2023,TOTALENERGIES MARKETING COTE D'IVOIRE,261 072
27/08/2023,PETRO IVOIRE,1 123 356
27/08/2023,TOTALENERGIES MARKETING COTE D'IVOIRE,378 359
26/08/2023,TOTALENERGIES MARKETING COTE D'IVOIRE,363 593
26/08/2023,PETRO IVOIRE,1 134 540
22/08/2023,TOTALENERGIES MARKETING COTE D'IVOIRE,171 033
22/08/2023,PETRO IVOIRE,596 315
21/08/2023,PETRO IVOIRE,1 155 673
21/08/2023,TOTALENERGIES MARKETING COTE D'IVOIRE,342 816
17/08/2023,TOTALENERGIES MARKETING COTE D'IVOIRE,307 964
17/08/2023,PETRO IVOIRE,1 194 144
16/08/2023,PETRO IVOIRE,1 197 277
16/08/2023,TOTALENERGIES MARKETING COTE D'IVOIRE,308 772
15/08/2023,PETRO IVOIRE,1 171 552
15/08/2023,TOTALENERGIES MARKETING COTE D'IVOIRE,318 020
12/08/2023,PETRO IVOIRE,217 781
08/08/2023,TOTALENERGIES MARKETING COTE D'IVOIRE,377 560
08/08/2023,PETRO IVOIRE,1 116 526
04/08/2023,PETRO IVOIRE,2 246 109
04/08/2023,TOTALENERGIES MARKETING COTE D'IVOIRE,742 123
02/08/2023,PETRO IVOIRE,145 935
02/08/2023,TOTALENERGIES MARKETING COTE D'IVOIRE,52 106
27/07/2023,TOTALENERGIES MARKETING COTE D'IVOIRE,161 373
27/07/2023,PETRO IVOIRE,443 056
26/07/2023,TOTALENERGIES MARKETING COTE D'IVOIRE,401 759
26/07/2023,PETRO IVOIRE,1 103 710
25/07/2023,TOTALENERGIES MARKETING COTE D'IVOIRE,424 263
25/07/2023,PETRO IVOIRE,1 165 557
20/07/2023,PETRO IVOIRE,1 196 833
20/07/2023,TOTALENERGIES MARKETING COTE D'IVOIRE,404 717
19/07/2023,TOTALENERGIES MARKETING COTE D'IVOIRE,400 782
19/07/2023,PETRO IVOIRE,1 185 199
18/07/2023,PETRO IVOIRE,87 168
18/07/2023,TOTALENERGIES MARKETING COTE D'IVOIRE,30 754
12/07/2023,TOTALENERGIES MARKETING COTE D'IVOIRE,368 010
12/07/2023,PETRO IVOIRE,1 173 602
11/07/2023,TOTALENERGIES MARKETING COTE D'IVOIRE,341 652
11/07/2023,PETRO IVOIRE,1 181 030
06/07/2023,TOTALENERGIES MARKETING COTE D'IVOIRE,175 496
06/07/2023,PETRO IVOIRE,545 290
05/07/2023,PETRO IVOIRE,1 104 996
05/07/2023,TOTALENERGIES MARKETING COTE D'IVOIRE,410 200
04/07/2023,TOTALENERGIES MARKETING COTE D'IVOIRE,412 699
04/07/2023,PETRO IVOIRE,1 091 729
29/06/2023,TOTALENERGIES MARKETING COTE D'IVOIRE,342 949
29/06/2023,PETRO IVOIRE,1 092 046
28/06/2023,TOTALENERGIES MARKETING COTE D'IVOIRE,343 628
28/06/2023,PETRO IVOIRE,1 116 415
21/06/2023,TOTALENERGIES MARKETING COTE D'IVOIRE,356 329
21/06/2023,PETRO IVOIRE,1 165 722
20/06/2023,TOTALENERGIES MARKETING COTE D'IVOIRE,353 531
20/06/2023,PETRO IVOIRE,1 156 566
15/06/2023,TOTALENERGIES MARKETING COTE D'IVOIRE,228 849
15/06/2023,PETRO IVOIRE,679 112
14/06/2023,TOTALENERGIES MARKETING COTE D'IVOIRE,338 960
14/06/2023,PETRO IVOIRE,1 068 877
13/06/2023,TOTALENERGIES MARKETING COTE D'IVOIRE,0
13/06/2023,TOTALENERGIES MARKETING COTE D'IVOIRE,349 543
13/06/2023,PETRO IVOIRE,0
13/06/2023,PETRO IVOIRE,1 167 289
09/06/2023,TOTALENERGIES MARKETING COTE D'IVOIRE,189 737
09/06/2023,PETRO IVOIRE,712 556
08/06/2023,PETRO IVOIRE,1 226 730
08/06/2023,TOTALENERGIES MARKETING COTE D'IVOIRE,301 821
03/06/2023,PETRO IVOIRE,541 898
03/06/2023,TOTALENERGIES MARKETING COTE D'IVOIRE,162 659
02/06/2023,TOTALENERGIES MARKETING COTE D'IVOIRE,532 165
02/06/2023,PETRO IVOIRE,1 671 171
30/05/2023,PETRO IVOIRE,1 503 559
30/05/2023,TOTALENERGIES MARKETING COTE D'IVOIRE,0
25/05/2023,TOTALENERGIES MARKETING COTE D'IVOIRE,422 019
25/05/2023,PETRO IVOIRE,1 103 891
23/05/2023,PETRO IVOIRE,1 074 697
23/05/2023,TOTALENERGIES MARKETING COTE D'IVOIRE,403 257
18/05/2023,PETRO IVOIRE,572 928
18/05/2023,TOTALENERGIES MARKETING COTE D'IVOIRE,172 450
17/05/2023,PETRO IVOIRE,1 137 823
17/05/2023,TOTALENERGIES MARKETING COTE D'IVOIRE,358 485
13/05/2023,PETRO IVOIRE,355 582
13/05/2023,TOTALENERGIES MARKETING COTE D'IVOIRE,141 917
12/05/2023,PETRO IVOIRE,1 064 988
12/05/2023,PETRO IVOIRE,0
12/05/2023,TOTALENERGIES MARKETING COTE D'IVOIRE,425 308
11/05/2023,PETRO IVOIRE,1 111 069
11/05/2023,TOTALENERGIES MARKETING COTE D'IVOIRE,425 654
07/05/2023,PETRO IVOIRE,1 117 018
07/05/2023,TOTALENERGIES MARKETING COTE D'IVOIRE,382 612
02/05/2023,PETRO IVOIRE,771 211
02/05/2023,TOTALENERGIES MARKETING COTE D'IVOIRE,232 105
30/04/2023,TOTALENERGIES MARKETING COTE D'IVOIRE,388 915
30/04/2023,PETRO IVOIRE,1 148 441
27/04/2023,TOTALENERGIES MARKETING COTE D'IVOIRE,394 487
27/04/2023,PETRO IVOIRE,1 103 712
26/04/2023,TOTALENERGIES MARKETING COTE D'IVOIRE,393 234
26/04/2023,PETRO IVOIRE,1 100 207
19/04/2023,PETRO IVOIRE,530 057
19/04/2023,TOTALENERGIES MARKETING COTE D'IVOIRE,200 749
18/04/2023,TOTALENERGIES MARKETING COTE D'IVOIRE,426 200
18/04/2023,PETRO IVOIRE,1 084 438
16/04/2023,TOTALENERGIES MARKETING COTE D'IVOIRE,284 058
16/04/2023,PETRO IVOIRE,688 445
12/04/2023,PETRO IVOIRE,1 139 440
12/04/2023,TOTALENERGIES MARKETING COTE D'IVOIRE,356 833
11/04/2023,TOTALENERGIES MARKETING COTE D'IVOIRE,348 671
11/04/2023,PETRO IVOIRE,1 113 396
06/04/2023,PETRO IVOIRE,713 133
06/04/2023,TOTALENERGIES MARKETING COTE D'IVOIRE,192 698
02/04/2023,TOTALENERGIES MARKETING COTE D'IVOIRE,505 313
02/04/2023,PETRO IVOIRE,1 722 678
31/03/2023,PETRO IVOIRE,520 010
31/03/2023,TOTALENERGIES MARKETING COTE D'IVOIRE,148 730
28/03/2023,PETRO IVOIRE,773 786
28/03/2023,TOTALENERGIES MARKETING COTE D'IVOIRE,228 032
27/03/2023,PETRO IVOIRE,1 170 289
27/03/2023,TOTALENERGIES MARKETING COTE D'IVOIRE,330 195
22/03/2023,PETRO IVOIRE,379 283
22/03/2023,TOTALENERGIES MARKETING COTE D'IVOIRE,115 584
22/03/2023,TOTALENERGIES MARKETING COTE D'IVOIRE,349 516
22/03/2023,PETRO IVOIRE,1 143 566
21/03/2023,PETRO IVOIRE,1 143 338
21/03/2023,TOTALENERGIES MARKETING COTE D'IVOIRE,337 304
15/03/2023,TOTALENERGIES MARKETING COTE D'IVOIRE,370 208
15/03/2023,PETRO IVOIRE,1 324 073
14/03/2023,TOTALENERGIES MARKETING COTE D'IVOIRE,341 064
14/03/2023,PETRO IVOIRE,1 173 493
08/03/2023,TOTALENERGIES MARKETING COTE D'IVOIRE,304 825
08/03/2023,PETRO IVOIRE,1 208 575
06/03/2023,PETRO IVOIRE,1 221 287
06/03/2023,TOTALENERGIES MARKETING COTE D'IVOIRE,281 319
01/03/2023,TOTALENERGIES MARKETING COTE D'IVOIRE,195 195
01/03/2023,PETRO IVOIRE,703 592
28/02/2023,TOTALENERGIES MARKETING COTE D'IVOIRE,429 799
28/02/2023,PETRO IVOIRE,1 085 172
25/02/2023,TOTALENERGIES MARKETING COTE D'IVOIRE,356 000
25/02/2023,PETRO IVOIRE,1 027 782
24/02/2023,PETRO IVOIRE,1 141 893
24/02/2023,TOTALENERGIES MARKETING COTE D'IVOIRE,367 700
21/02/2023,PETRO IVOIRE,92 217
21/02/2023,TOTALENERGIES MARKETING COTE D'IVOIRE,28 454
18/02/2023,PETRO IVOIRE,1 034 177
18/02/2023,TOTALENERGIES MARKETING COTE D'IVOIRE,346 387
17/02/2023,TOTALENERGIES MARKETING COTE D'IVOIRE,49 557
17/02/2023,PETRO IVOIRE,147 247
14/02/2023,PETRO IVOIRE,365 533
14/02/2023,TOTALENERGIES MARKETING COTE D'IVOIRE,136 410
12/02/2023,TOTALENERGIES MARKETING COTE D'IVOIRE,688 660
12/02/2023,PETRO IVOIRE,1 819 266
08/02/2023,TOTALENERGIES MARKETING COTE D'IVOIRE,0
08/02/2023,TOTALENERGIES MARKETING COTE D'IVOIRE,283 629
08/02/2023,PETRO IVOIRE,706 065
06/02/2023,TOTALENERGIES MARKETING COTE D'IVOIRE,425 227
06/02/2023,PETRO IVOIRE,1 092 393
04/02/2023,PETRO IVOIRE,58 767
04/02/2023,TOTALENERGIES MARKETING COTE D'IVOIRE,23 176
02/02/2023,PETRO IVOIRE,279 294
02/02/2023,TOTALENERGIES MARKETING COTE D'IVOIRE,111 291
30/01/2023,PETRO IVOIRE,1 537 926
30/01/2023,TOTALENERGIES MARKETING COTE D'IVOIRE,557 184
27/01/2023,TOTALENERGIES MARKETING COTE D'IVOIRE,73 188
27/01/2023,PETRO IVOIRE,227 010
24/01/2023,PETRO IVOIRE,617 309
24/01/2023,TOTALENERGIES MARKETING COTE D'IVOIRE,197 174
24/01/2023,PETRO IVOIRE,0
22/01/2023,TOTALENERGIES MARKETING COTE D'IVOIRE,333 484
22/01/2023,PETRO IVOIRE,1 158 709
18/01/2023,PETRO IVOIRE,1 400 388
18/01/2023,TOTALENERGIES MARKETING COTE D'IVOIRE,394 299
15/01/2023,TOTALENERGIES MARKETING COTE D'IVOIRE,304 841
15/01/2023,PETRO IVOIRE,926 983
14/01/2023,TOTALENERGIES MARKETING COTE D'IVOIRE,248 077
14/01/2023,PETRO IVOIRE,754 434
11/01/2023,TOTALENERGIES MARKETING COTE D'IVOIRE,379 653
11/01/2023,PETRO IVOIRE,1 070 478
08/01/2023,PETRO IVOIRE,1 111 189
08/01/2023,TOTALENERGIES MARKETING COTE D'IVOIRE,336 965
05/01/2023,PETRO IVOIRE,999 362
05/01/2023,TOTALENERGIES MARKETING COTE D'IVOIRE,326 963
03/01/2023,TOTALENERGIES MARKETING COTE D'IVOIRE,358 418
03/01/2023,PETRO IVOIRE,1 130 519
29/12/2022,PETRO IVOIRE,930 761
29/12/2022,TOTALENERGIES MARKETING COTE D'IVOIRE,348 819
27/12/2022,TOTALENERGIES MARKETING COTE D'IVOIRE,147 174
27/12/2022,PETRO IVOIRE,467 491
26/12/2022,TOTALENERGIES MARKETING COTE D'IVOIRE,297 992
26/12/2022,PETRO IVOIRE,944 046
23/12/2022,PETRO IVOIRE,646 898
23/12/2022,TOTALENERGIES MARKETING COTE D'IVOIRE,202 037
21/12/2022,PETRO IVOIRE,973 662
21/12/2022,TOTALENERGIES MARKETING COTE D'IVOIRE,314 462
18/12/2022,PETRO IVOIRE,1 509 477
18/12/2022,TOTALENERGIES MARKETING COTE D'IVOIRE,492 787
16/12/2022,PETRO IVOIRE,130 486
16/12/2022,TOTALENERGIES MARKETING COTE D'IVOIRE,47 494
13/12/2022,PETRO IVOIRE,761 213
13/12/2022,TOTALENERGIES MARKETING COTE D'IVOIRE,256 065
11/12/2022,TOTALENERGIES MARKETING COTE D'IVOIRE,226 887
11/12/2022,PETRO IVOIRE,719 498
09/12/2022,TOTALENERGIES MARKETING COTE D'IVOIRE,375 499
09/12/2022,PETRO IVOIRE,1 140 876
06/12/2022,PETRO IVOIRE,672 907
06/12/2022,TOTALENERGIES MARKETING COTE D'IVOIRE,239 035
03/12/2022,PETRO IVOIRE,913 734
03/12/2022,TOTALENERGIES MARKETING COTE D'IVOIRE,286 685
02/12/2022,TOTALENERGIES MARKETING COTE D'IVOIRE,335 837
02/12/2022,PETRO IVOIRE,1 169 407
28/11/2022,PETRO IVOIRE,356 130
28/11/2022,TOTALENERGIES MARKETING COTE D'IVOIRE,106 390
27/11/2022,PETRO IVOIRE,290 760
27/11/2022,TOTALENERGIES MARKETING COTE D'IVOIRE,97 825
25/11/2022,PETRO IVOIRE,1 008 189
25/11/2022,TOTALENERGIES MARKETING COTE D'IVOIRE,346 760
24/11/2022,TOTALENERGIES MARKETING COTE D'IVOIRE,428 826
24/11/2022,PETRO IVOIRE,1 089 538
19/11/2022,TOTALENERGIES MARKETING COTE D'IVOIRE,451 821
19/11/2022,PETRO IVOIRE,1 368 404
18/11/2022,TOTALENERGIES MARKETING COTE D'IVOIRE,366 934
18/11/2022,PETRO IVOIRE,1 148 274
13/11/2022,TOTALENERGIES MARKETING COTE D'IVOIRE,107 488
13/11/2022,PETRO IVOIRE,340 742
12/11/2022,PETRO IVOIRE,1 102 229
12/11/2022,TOTALENERGIES MARKETING COTE D'IVOIRE,390 423
09/11/2022,PETRO IVOIRE,884 920
09/11/2022,TOTALENERGIES MARKETING COTE D'IVOIRE,287 830
07/11/2022,PETRO IVOIRE,1 057 651
07/11/2022,TOTALENERGIES MARKETING COTE D'IVOIRE,344 025
03/11/2022,PETRO IVOIRE,412 935
03/11/2022,TOTALENERGIES MARKETING COTE D'IVOIRE,145 017
02/11/2022,TOTALENERGIES MARKETING COTE D'IVOIRE,780 787
02/11/2022,PETRO IVOIRE,2 223 180
29/10/2022,PETRO IVOIRE,1 099 145
29/10/2022,TOTALENERGIES MARKETING COTE D'IVOIRE,397 769
24/10/2022,TOTALENERGIES MARKETING COTE D'IVOIRE,567 605
24/10/2022,PETRO IVOIRE,1 741 845
17/10/2022,TOTALENERGIES MARKETING COTE D'IVOIRE,377 290
17/10/2022,PETRO IVOIRE,1 244 123
16/10/2022,TOTALENERGIES MARKETING COTE D'IVOIRE,356 674
16/10/2022,PETRO IVOIRE,1 144 923
12/10/2022,PETRO IVOIRE,1 146 469
12/10/2022,TOTALENERGIES MARKETING COTE D'IVOIRE,359 900
12/10/2022,TOTALENERGIES MARKETING COTE D'IVOIRE,358 401
12/10/2022,PETRO IVOIRE,1 141 693
09/10/2022,PETRO IVOIRE,128 062
09/10/2022,TOTALENERGIES MARKETING COTE D'IVOIRE,40 553
07/10/2022,TOTALENERGIES MARKETING COTE D'IVOIRE,81 113
07/10/2022,PETRO IVOIRE,245 625
05/10/2022,TOTALENERGIES MARKETING COTE D'IVOIRE,157 136
05/10/2022,PETRO IVOIRE,447 128
01/10/2022,PETRO IVOIRE,656 748
01/10/2022,TOTALENERGIES MARKETING COTE D'IVOIRE,248 828
30/09/2022,PETRO IVOIRE,992 072
30/09/2022,TOTALENERGIES MARKETING COTE D'IVOIRE,188 125
30/09/2022,PETRO IVOIRE,490 525
30/09/2022,TOTALENERGIES MARKETING COTE D'IVOIRE,375 779
28/09/2022,TOTALENERGIES MARKETING COTE D'IVOIRE,84 837
28/09/2022,PETRO IVOIRE,220 035
25/09/2022,PETRO IVOIRE,651 730
25/09/2022,TOTALENERGIES MARKETING COTE D'IVOIRE,258 078
23/09/2022,PETRO IVOIRE,1 094 262
23/09/2022,TOTALENERGIES MARKETING COTE D'IVOIRE,411 635
19/09/2022,TOTALENERGIES MARKETING COTE D'IVOIRE,379 459
19/09/2022,PETRO IVOIRE,917 908
18/09/2022,PETRO IVOIRE,841 874
18/09/2022,TOTALENERGIES MARKETING COTE D'IVOIRE,357 219
15/09/2022,TOTALENERGIES MARKETING COTE D'IVOIRE,86 737
15/09/2022,PETRO IVOIRE,225 783
13/09/2022,TOTALENERGIES MARKETING COTE D'IVOIRE,215 107
13/09/2022,PETRO IVOIRE,573 036
11/09/2022,TOTALENERGIES MARKETING COTE D'IVOIRE,374 564
11/09/2022,PETRO IVOIRE,1 126 626
09/09/2022,PETRO IVOIRE,151 538
09/09/2022,TOTALENERGIES MARKETING COTE D'IVOIRE,59 200
07/09/2022,PETRO IVOIRE,790 153
07/09/2022,TOTALENERGIES MARKETING COTE D'IVOIRE,298 592
01/09/2022,TOTALENERGIES MARKETING COTE D'IVOIRE,238 320
01/09/2022,PETRO IVOIRE,692 842
31/08/2022,PETRO IVOIRE,1 074 858
31/08/2022,TOTALENERGIES MARKETING COTE D'IVOIRE,423 825
27/08/2022,TOTALENERGIES MARKETING COTE D'IVOIRE,433 979
27/08/2022,PETRO IVOIRE,1 053 688
26/08/2022,TOTALENERGIES MARKETING COTE D'IVOIRE,428 623
26/08/2022,PETRO IVOIRE,1 083 848
22/08/2022,PETRO IVOIRE,753 779
22/08/2022,TOTALENERGIES MARKETING COTE D'IVOIRE,240 526
21/08/2022,TOTALENERGIES MARKETING COTE D'IVOIRE,399 778
21/08/2022,PETRO IVOIRE,1 106 681
20/08/2022,TOTALENERGIES MARKETING COTE D'IVOIRE,55 204
20/08/2022,PETRO IVOIRE,158 670
16/08/2022,PETRO IVOIRE,201 842
16/08/2022,TOTALENERGIES MARKETING COTE D'IVOIRE,77 994
11/08/2022,PETRO IVOIRE,773 704
11/08/2022,TOTALENERGIES MARKETING COTE D'IVOIRE,274 143
10/08/2022,TOTALENERGIES MARKETING COTE D'IVOIRE,390 848
10/08/2022,PETRO IVOIRE,1 113 028
04/08/2022,TOTALENERGIES MARKETING COTE D'IVOIRE,149 795
04/08/2022,PETRO IVOIRE,360 863
03/08/2022,PETRO IVOIRE,1 801 089
03/08/2022,TOTALENERGIES MARKETING COTE D'IVOIRE,716 490
28/07/2022,TOTALENERGIES MARKETING COTE D'IVOIRE,289 280
28/07/2022,PETRO IVOIRE,920 670
26/07/2022,TOTALENERGIES MARKETING COTE D'IVOIRE,368 709
26/07/2022,PETRO IVOIRE,1 173 532
21/07/2022,TOTALENERGIES MARKETING COTE D'IVOIRE,425 420
21/07/2022,PETRO IVOIRE,1 364 573
19/07/2022,PETRO IVOIRE,1 106 684
19/07/2022,TOTALENERGIES MARKETING COTE D'IVOIRE,400 242
17/07/2022,TOTALENERGIES MARKETING COTE D'IVOIRE,229 179
17/07/2022,PETRO IVOIRE,629 757
16/07/2022,PETRO IVOIRE,1 122 517
16/07/2022,TOTALENERGIES MARKETING COTE D'IVOIRE,373 169
09/07/2022,PETRO IVOIRE,948 155
09/07/2022,TOTALENERGIES MARKETING COTE D'IVOIRE,307 134
08/07/2022,TOTALENERGIES MARKETING COTE D'IVOIRE,357 666
08/07/2022,PETRO IVOIRE,1 144 287
02/07/2022,TOTALENERGIES MARKETING COTE D'IVOIRE,534 340
02/07/2022,PETRO IVOIRE,1 419 709
01/07/2022,PETRO IVOIRE,396 158
01/07/2022,TOTALENERGIES MARKETING COTE D'IVOIRE,140 757
30/06/2022,TOTALENERGIES MARKETING COTE D'IVOIRE,56 575
30/06/2022,PETRO IVOIRE,147 584
26/06/2022,TOTALENERGIES MARKETING COTE D'IVOIRE,77 084
26/06/2022,PETRO IVOIRE,212 756
22/06/2022,PETRO IVOIRE,327 981
22/06/2022,TOTALENERGIES MARKETING COTE D'IVOIRE,121 065
21/06/2022,PETRO IVOIRE,648 491
21/06/2022,TOTALENERGIES MARKETING COTE D'IVOIRE,239 374
14/06/2022,TOTALENERGIES MARKETING COTE D'IVOIRE,569 200
14/06/2022,PETRO IVOIRE,1 665 965
08/06/2022,PETRO IVOIRE,2 466 092
08/06/2022,TOTALENERGIES MARKETING COTE D'IVOIRE,767 172
02/06/2022,TOTALENERGIES MARKETING COTE D'IVOIRE,120 987
02/06/2022,PETRO IVOIRE,339 892
31/05/2022,PETRO IVOIRE,2 195 440
31/05/2022,TOTALENERGIES MARKETING COTE D'IVOIRE,790 303
20/05/2022,PETRO IVOIRE,663 766
20/05/2022,TOTALENERGIES MARKETING COTE D'IVOIRE,238 403
19/05/2022,PETRO IVOIRE,1 249 422
19/05/2022,TOTALENERGIES MARKETING COTE D'IVOIRE,448 753
13/05/2022,TOTALENERGIES MARKETING COTE D'IVOIRE,317 835
13/05/2022,PETRO IVOIRE,883 965
11/05/2022,PETRO IVOIRE,1 440 492
11/05/2022,TOTALENERGIES MARKETING COTE D'IVOIRE,517 939
06/05/2022,TOTALENERGIES MARKETING COTE D'IVOIRE,180 985
06/05/2022,PETRO IVOIRE,589 107
04/05/2022,TOTALENERGIES MARKETING COTE D'IVOIRE,540 232
04/05/2022,PETRO IVOIRE,1 758 463
27/04/2022,PETRO IVOIRE,355 979
27/04/2022,TOTALENERGIES MARKETING COTE D'IVOIRE,155 988
26/04/2022,TOTALENERGIES MARKETING COTE D'IVOIRE,905 117
26/04/2022,PETRO IVOIRE,2 063 993
19/04/2022,PETRO IVOIRE,2 367 640
19/04/2022,TOTALENERGIES MARKETING COTE D'IVOIRE,647 739
11/04/2022,PETRO IVOIRE,585 674
11/04/2022,TOTALENERGIES MARKETING COTE D'IVOIRE,217 743
09/04/2022,TOTALENERGIES MARKETING COTE D'IVOIRE,1 077 612
09/04/2022,PETRO IVOIRE,2 899 633
30/03/2022,PETRO IVOIRE,500 403
30/03/2022,TOTALENERGIES MARKETING COTE D'IVOIRE,113 299
29/03/2022,TOTALENERGIES MARKETING COTE D'IVOIRE,219 925
29/03/2022,PETRO IVOIRE,970 223
27/03/2022,TOTALENERGIES MARKETING COTE D'IVOIRE,415 388
27/03/2022,PETRO IVOIRE,1 831 483
21/03/2022,PETRO IVOIRE,2 040 307
21/03/2022,TOTALENERGIES MARKETING COTE D'IVOIRE,680 138
14/03/2022,PETRO IVOIRE,760 703
14/03/2022,TOTALENERGIES MARKETING COTE D'IVOIRE,250 657
11/03/2022,TOTALENERGIES MARKETING COTE D'IVOIRE,457 841
11/03/2022,PETRO IVOIRE,1 426 041
05/03/2022,TOTALENERGIES MARKETING COTE D'IVOIRE,986 515
05/03/2022,PETRO IVOIRE,2 975 917
24/02/2022,TOTALENERGIES MARKETING COTE D'IVOIRE,729 580
24/02/2022,PETRO IVOIRE,2 422 773
19/02/2022,TOTALENERGIES MARKETING COTE D'IVOIRE,569 270
19/02/2022,PETRO IVOIRE,1 729 214
16/02/2022,TOTALENERGIES MARKETING COTE D'IVOIRE,55 334
16/02/2022,PETRO IVOIRE,170 383
15/02/2022,TOTALENERGIES MARKETING COTE D'IVOIRE,65 173
15/02/2022,PETRO IVOIRE,236 225
09/02/2022,PETRO IVOIRE,1 892 737
09/02/2022,TOTALENERGIES MARKETING COTE D'IVOIRE,599 886
08/02/2022,PETRO IVOIRE,137 629
08/02/2022,TOTALENERGIES MARKETING COTE D'IVOIRE,36 789
03/02/2022,TOTALENERGIES MARKETING COTE D'IVOIRE,71 743
03/02/2022,PETRO IVOIRE,308 827
02/02/2022,TOTALENERGIES MARKETING COTE D'IVOIRE,469 266
02/02/2022,PETRO IVOIRE,2 015 179
01/02/2022,PETRO IVOIRE,162 576
27/01/2022,TOTALENERGIES MARKETING COTE D'IVOIRE,220 798
27/01/2022,PETRO IVOIRE,832 313
26/01/2022,TOTALENERGIES MARKETING COTE D'IVOIRE,513 878
26/01/2022,PETRO IVOIRE,1 936 304
20/01/2022,TOTALENERGIES MARKETING COTE D'IVOIRE,262 443
20/01/2022,PETRO IVOIRE,740 353
17/01/2022,PETRO IVOIRE,369 241
17/01/2022,TOTALENERGIES MARKETING COTE D'IVOIRE,130 172
15/01/2022,TOTALENERGIES MARKETING COTE D'IVOIRE,154 679
15/01/2022,PETRO IVOIRE,454 194
14/01/2022,PETRO IVOIRE,564 707
14/01/2022,TOTALENERGIES MARKETING COTE D'IVOIRE,192 309
13/01/2022,PETRO IVOIRE,1 281 769
13/01/2022,TOTALENERGIES MARKETING COTE D'IVOIRE,436 462
07/01/2022,TOTALENERGIES MARKETING COTE D'IVOIRE,221 973
07/01/2022,PETRO IVOIRE,841 057
06/01/2022,TOTALENERGIES MARKETING COTE D'IVOIRE,575 753
06/01/2022,PETRO IVOIRE,2 232 241
03/01/2022,TOTALENERGIES MARKETING COTE D'IVOIRE,61 085
03/01/2022,PETRO IVOIRE,220 923
31/12/2021,TOTALENERGIES MARKETING COTE D'IVOIRE,82 738
31/12/2021,PETRO IVOIRE,220 135
30/12/2021,TOTALENERGIES MARKETING COTE D'IVOIRE,308 970
30/12/2021,PETRO IVOIRE,822 800
28/12/2021,TOTALENERGIES MARKETING COTE D'IVOIRE,455 999
28/12/2021,PETRO IVOIRE,1 214 478
23/12/2021,PETRO IVOIRE,242 326
23/12/2021,TOTALENERGIES MARKETING COTE D'IVOIRE,115 853
22/12/2021,TOTALENERGIES MARKETING COTE D'IVOIRE,864 348
22/12/2021,PETRO IVOIRE,1 755 985
15/12/2021,PETRO IVOIRE,489 825
15/12/2021,TOTALENERGIES MARKETING COTE D'IVOIRE,193 740
14/12/2021,TOTALENERGIES MARKETING COTE D'IVOIRE,590 086
14/12/2021,PETRO IVOIRE,1 493 161
13/12/2021,PETRO IVOIRE,65 156
13/12/2021,TOTALENERGIES MARKETING COTE D'IVOIRE,25 190
10/12/2021,TOTALENERGIES MARKETING COTE D'IVOIRE,90 611
10/12/2021,PETRO IVOIRE,215 497
08/12/2021,PETRO IVOIRE,932 464
08/12/2021,TOTALENERGIES MARKETING COTE D'IVOIRE,413 355
04/12/2021,TOTALENERGIES MARKETING COTE D'IVOIRE,673 289
04/12/2021,PETRO IVOIRE,1 519 413
30/11/2021,PETRO IVOIRE,160 655
30/11/2021,TOTALENERGIES MARKETING COTE D'IVOIRE,69 751
28/11/2021,TOTALENERGIES MARKETING COTE D'IVOIRE,1 079 057
28/11/2021,PETRO IVOIRE,2 476 851
20/11/2021,TOTALENERGIES MARKETING COTE D'IVOIRE,1 042 429
20/11/2021,PETRO IVOIRE,2 502 594
15/11/2021,PETRO IVOIRE,173 814
15/11/2021,TOTALENERGIES MARKETING COTE D'IVOIRE,67 095
10/11/2021,PETRO IVOIRE,1 056 559
10/11/2021,TOTALENERGIES MARKETING COTE D'IVOIRE,460 793
08/11/2021,PETRO IVOIRE,1 892 409
08/11/2021,TOTALENERGIES MARKETING COTE D'IVOIRE,856 865
07/11/2021,TOTALENERGIES MARKETING COTE D'IVOIRE,51 823
07/11/2021,PETRO IVOIRE,137 875
01/11/2021,TOTALENERGIES MARKETING COTE D'IVOIRE,737 087
01/11/2021,PETRO IVOIRE,1 744 985
27/10/2021,PETRO IVOIRE,2 060 138
27/10/2021,TOTALENERGIES MARKETING COTE D'IVOIRE,916 051
20/10/2021,TOTALENERGIES MARKETING COTE D'IVOIRE,39 497
20/10/2021,PETRO IVOIRE,102 164
19/10/2021,PETRO IVOIRE,1 495 295
19/10/2021,TOTALENERGIES MARKETING COTE D'IVOIRE,539 854
15/10/2021,PETRO IVOIRE,1 777 896
15/10/2021,TOTALENERGIES MARKETING COTE D'IVOIRE,735 847
08/10/2021,PETRO IVOIRE,2 666 209
08/10/2021,TOTALENERGIES MARKETING COTE D'IVOIRE,971 002
02/10/2021,PETRO IVOIRE,2 138 280
02/10/2021,TOTALENERGIES MARKETING COTE D'IVOIRE,736 965
28/09/2021,TOTALENERGIES MARKETING COTE D'IVOIRE,983 102
28/09/2021,PETRO IVOIRE,2 524 894
20/09/2021,PETRO IVOIRE,2 575 249
20/09/2021,TOTALENERGIES MARKETING COTE D'IVOIRE,955 331
20/09/2021,PETRO IVOIRE,790 324
20/09/2021,TOTALENERGIES MARKETING COTE D'IVOIRE,293 267
08/09/2021,TOTALENERGIES MARKETING COTE D'IVOIRE,80 096
08/09/2021,PETRO IVOIRE,230 587
07/09/2021,TOTALENERGIES MARKETING COTE D'IVOIRE,848 251
07/09/2021,PETRO IVOIRE,2 443 329
31/08/2021,PETRO IVOIRE,2 249 405
31/08/2021,TOTALENERGIES MARKETING COTE D'IVOIRE,541 851
23/08/2021,TOTALENERGIES MARKETING COTE D'IVOIRE,1 093 791
23/08/2021,PETRO IVOIRE,3 103 826
19/08/2021,TOTALENERGIES MARKETING COTE D'IVOIRE,71 060
19/08/2021,PETRO IVOIRE,257 023
18/08/2021,PETRO IVOIRE,1 973 959
18/08/2021,TOTALENERGIES MARKETING COTE D'IVOIRE,545 957
10/08/2021,PETRO IVOIRE,230 446
10/08/2021,TOTALENERGIES MARKETING COTE D'IVOIRE,63 867
09/08/2021,PETRO IVOIRE,2 321 280
09/08/2021,TOTALENERGIES MARKETING COTE D'IVOIRE,707 085
03/08/2021,TOTALENERGIES MARKETING COTE D'IVOIRE,82 809
03/08/2021,PETRO IVOIRE,278 517
02/08/2021,TOTALENERGIES MARKETING COTE D'IVOIRE,453 450
02/08/2021,PETRO IVOIRE,1 724 994
28/07/2021,PETRO IVOIRE,567 386
28/07/2021,TOTALENERGIES MARKETING COTE D'IVOIRE,168 785
27/07/2021,PETRO IVOIRE,2 314 449
27/07/2021,TOTALENERGIES MARKETING COTE D'IVOIRE,688 386
22/07/2021,TOTALENERGIES MARKETING COTE D'IVOIRE,254 382
22/07/2021,PETRO IVOIRE,911 086
21/07/2021,PETRO IVOIRE,2 270 787
21/07/2021,TOTALENERGIES MARKETING COTE D'IVOIRE,680 755
14/07/2021,PETRO IVOIRE,2 521 111
14/07/2021,TOTALENERGIES MARKETING COTE D'IVOIRE,666 090
06/07/2021,TOTALENERGIES MARKETING COTE D'IVOIRE,669 612
06/07/2021,PETRO IVOIRE,2 444 001
30/06/2021,PETRO IVOIRE,2 366 263
30/06/2021,TOTALENERGIES MARKETING COTE D'IVOIRE,635 461
28/06/2021,TOTALENERGIES MARKETING COTE D'IVOIRE,30 980
28/06/2021,PETRO IVOIRE,101 346
25/06/2021,TOTALENERGIES MARKETING COTE D'IVOIRE,44 248
25/06/2021,PETRO IVOIRE,151 962
22/06/2021,PETRO IVOIRE,2 300 132
22/06/2021,TOTALENERGIES MARKETING COTE D'IVOIRE,688 356
18/06/2021,PETRO IVOIRE,161 426
17/06/2021,PETRO IVOIRE,104 241
14/06/2021,TOTALENERGIES MARKETING COTE D'IVOIRE,721 394
14/06/2021,PETRO IVOIRE,2 289 496
06/06/2021,TOTALENERGIES MARKETING COTE D'IVOIRE,602 308
06/06/2021,PETRO IVOIRE,1 884 984
30/05/2021,TOTALENERGIES MARKETING COTE D'IVOIRE,69 796
30/05/2021,PETRO IVOIRE,247 671
29/05/2021,PETRO IVOIRE,2 323 918
29/05/2021,TOTALENERGIES MARKETING COTE D'IVOIRE,655 697
27/05/2021,PETRO IVOIRE,220 839
21/05/2021,PETRO IVOIRE,1 850 941
21/05/2021,TOTALENERGIES MARKETING COTE D'IVOIRE,493 897
18/05/2021,PETRO IVOIRE,249 298
15/05/2021,PETRO IVOIRE,2 765 861
15/05/2021,TOTALENERGIES MARKETING COTE D'IVOIRE,754 060
07/05/2021,TOTALENERGIES MARKETING COTE D'IVOIRE,215 935
07/05/2021,PETRO IVOIRE,902 961
04/05/2021,TOTALENERGIES MARKETING COTE D'IVOIRE,598 714
04/05/2021,PETRO IVOIRE,2 007 024
28/04/2021,TOTALENERGIES MARKETING COTE D'IVOIRE,206 587
28/04/2021,PETRO IVOIRE,714 610
27/04/2021,TOTALENERGIES MARKETING COTE D'IVOIRE,441 337
27/04/2021,PETRO IVOIRE,1 609 631
21/04/2021,TOTALENERGIES MARKETING COTE D'IVOIRE,123 330
21/04/2021,PETRO IVOIRE,478 993
20/04/2021,PETRO IVOIRE,2 334 787
20/04/2021,TOTALENERGIES MARKETING COTE D'IVOIRE,687 932
13/04/2021,TOTALENERGIES MARKETING COTE D'IVOIRE,306 483
13/04/2021,PETRO IVOIRE,945 822
12/04/2021,PETRO IVOIRE,1 146 951
12/04/2021,TOTALENERGIES MARKETING COTE D'IVOIRE,346 430
07/04/2021,TOTALENERGIES MARKETING COTE D'IVOIRE,145 611
07/04/2021,PETRO IVOIRE,454 363
05/04/2021,TOTALENERGIES MARKETING COTE D'IVOIRE,384 426
05/04/2021,PETRO IVOIRE,1 199 138
01/04/2021,TOTALENERGIES MARKETING COTE D'IVOIRE,114 554
01/04/2021,PETRO IVOIRE,407 505
30/03/2021,PETRO IVOIRE,862 287
30/03/2021,TOTALENERGIES MARKETING COTE D'IVOIRE,96 232
27/03/2021,PETRO IVOIRE,2 232 013
27/03/2021,TOTALENERGIES MARKETING COTE D'IVOIRE,648 771
21/03/2021,TOTALENERGIES MARKETING COTE D'IVOIRE,813 201
21/03/2021,PETRO IVOIRE,2 593 627
12/03/2021,TOTALENERGIES MARKETING COTE D'IVOIRE,112 108
12/03/2021,PETRO IVOIRE,318 193
11/03/2021,PETRO IVOIRE,1 285 673
11/03/2021,TOTALENERGIES MARKETING COTE D'IVOIRE,453 245
10/03/2021,PETRO IVOIRE,1 096 116
10/03/2021,TOTALENERGIES MARKETING COTE D'IVOIRE,370 900
03/03/2021,TOTALENERGIES MARKETING COTE D'IVOIRE,160 225
03/03/2021,PETRO IVOIRE,408 004
02/03/2021,TOTALENERGIES MARKETING COTE D'IVOIRE,844 440
02/03/2021,PETRO IVOIRE,2 150 707
25/02/2021,PETRO IVOIRE,957 492
25/02/2021,TOTALENERGIES MARKETING COTE D'IVOIRE,424 188
24/02/2021,TOTALENERGIES MARKETING COTE D'IVOIRE,458 919
24/02/2021,PETRO IVOIRE,985 949
17/02/2021,TOTALENERGIES MARKETING COTE D'IVOIRE,316 568
17/02/2021,PETRO IVOIRE,812 623
16/02/2021,PETRO IVOIRE,1 067 527
16/02/2021,TOTALENERGIES MARKETING COTE D'IVOIRE,415 837
10/02/2021,PETRO IVOIRE,1 019 464
10/02/2021,TOTALENERGIES MARKETING COTE D'IVOIRE,359 877
05/02/2021,PETRO IVOIRE,1 064 717
05/02/2021,TOTALENERGIES MARKETING COTE D'IVOIRE,336 301
04/02/2021,PETRO IVOIRE,1 151 698
04/02/2021,TOTALENERGIES MARKETING COTE D'IVOIRE,402 885
28/01/2021,PETRO IVOIRE,726 117
28/01/2021,TOTALENERGIES MARKETING COTE D'IVOIRE,272 899
27/01/2021,TOTALENERGIES MARKETING COTE D'IVOIRE,418 789
27/01/2021,PETRO IVOIRE,1 114 332
21/01/2021,TOTALENERGIES MARKETING COTE D'IVOIRE,319 679
21/01/2021,PETRO IVOIRE,943 548
20/01/2021,TOTALENERGIES MARKETING COTE D'IVOIRE,374 171
20/01/2021,PETRO IVOIRE,1 104 324
15/01/2021,PETRO IVOIRE,781 650
15/01/2021,TOTALENERGIES MARKETING COTE D'IVOIRE,254 016
14/01/2021,PETRO IVOIRE,1 115 660
14/01/2021,TOTALENERGIES MARKETING COTE D'IVOIRE,358 926
09/01/2021,TOTALENERGIES MARKETING COTE D'IVOIRE,403 679
09/01/2021,PETRO IVOIRE,1 104 694
08/01/2021,TOTALENERGIES MARKETING COTE D'IVOIRE,488 199
08/01/2021,PETRO IVOIRE,1 005 978
31/12/2020,PETRO IVOIRE,1 853 966
31/12/2020,TOTALENERGIES MARKETING COTE D'IVOIRE,681 689
25/12/2020,TOTALENERGIES MARKETING COTE D'IVOIRE,710 286
25/12/2020,PETRO IVOIRE,1 756 805
22/12/2020,TOTALENERGIES MARKETING COTE D'IVOIRE,55 172
22/12/2020,PETRO IVOIRE,137 716
19/12/2020,PETRO IVOIRE,198 165
19/12/2020,TOTALENERGIES MARKETING COTE D'IVOIRE,77 202
17/12/2020,PETRO IVOIRE,863 349
17/12/2020,TOTALENERGIES MARKETING COTE D'IVOIRE,355 064
16/12/2020,PETRO IVOIRE,1 403 691
16/12/2020,TOTALENERGIES MARKETING COTE D'IVOIRE,171 819
09/12/2020,TOTALENERGIES MARKETING COTE D'IVOIRE,403 792
09/12/2020,PETRO IVOIRE,927 977
08/12/2020,TOTALENERGIES MARKETING COTE D'IVOIRE,460 206
08/12/2020,PETRO IVOIRE,1 057 539
30/11/2020,PETRO IVOIRE,1 648 132
30/11/2020,TOTALENERGIES MARKETING COTE D'IVOIRE,802 101
24/11/2020,PETRO IVOIRE,107 654
24/11/2020,TOTALENERGIES MARKETING COTE D'IVOIRE,61 313
21/11/2020,TOTALENERGIES MARKETING COTE D'IVOIRE,334 936
21/11/2020,PETRO IVOIRE,670 183
20/11/2020,TOTALENERGIES MARKETING COTE D'IVOIRE,527 858
20/11/2020,PETRO IVOIRE,947 349
16/11/2020,TOTALENERGIES MARKETING COTE D'IVOIRE,70 169
16/11/2020,PETRO IVOIRE,130 205
14/11/2020,PETRO IVOIRE,973 985
14/11/2020,TOTALENERGIES MARKETING COTE D'IVOIRE,473 047
13/11/2020,TOTALENERGIES MARKETING COTE D'IVOIRE,498 874
13/11/2020,PETRO IVOIRE,1 027 151
07/11/2020,TOTALENERGIES MARKETING COTE D'IVOIRE,193 699
07/11/2020,PETRO IVOIRE,421 262
06/11/2020,PETRO IVOIRE,912 279
06/11/2020,TOTALENERGIES MARKETING COTE D'IVOIRE,449 704
31/10/2020,PETRO IVOIRE,1 890 171
31/10/2020,TOTALENERGIES MARKETING COTE D'IVOIRE,1 064 298
22/10/2020,TOTALENERGIES MARKETING COTE D'IVOIRE,624 828
22/10/2020,PETRO IVOIRE,1 323 687
17/10/2020,PETRO IVOIRE,2 016 106
17/10/2020,TOTALENERGIES MARKETING COTE D'IVOIRE,968 305
09/10/2020,PETRO IVOIRE,1 979 716
09/10/2020,TOTALENERGIES MARKETING COTE D'IVOIRE,978 460
06/10/2020,PETRO IVOIRE,191 633
06/10/2020,TOTALENERGIES MARKETING COTE D'IVOIRE,86 581
01/10/2020,PETRO IVOIRE,339 872
01/10/2020,TOTALENERGIES MARKETING COTE D'IVOIRE,143 489
30/09/2020,TOTALENERGIES MARKETING COTE D'IVOIRE,503 103
30/09/2020,PETRO IVOIRE,992 532
29/09/2020,PETRO IVOIRE,993 043
29/09/2020,TOTALENERGIES MARKETING COTE D'IVOIRE,503 363
24/09/2020,TOTALENERGIES MARKETING COTE D'IVOIRE,107 600
24/09/2020,PETRO IVOIRE,161 648
21/09/2020,PETRO IVOIRE,956 367
21/09/2020,TOTALENERGIES MARKETING COTE D'IVOIRE,541 861
20/09/2020,TOTALENERGIES MARKETING COTE D'IVOIRE,301 362
20/09/2020,PETRO IVOIRE,1 179 675
15/09/2020,TOTALENERGIES MARKETING COTE D'IVOIRE,15 522
14/09/2020,TOTALENERGIES MARKETING COTE D'IVOIRE,352 058
14/09/2020,PETRO IVOIRE,490 692
12/09/2020,TOTALENERGIES MARKETING COTE D'IVOIRE,278 400
12/09/2020,PETRO IVOIRE,1 120 188
10/09/2020,TOTALENERGIES MARKETING COTE D'IVOIRE,82 486
10/09/2020,PETRO IVOIRE,170 089
08/09/2020,PETRO IVOIRE,450 520
08/09/2020,TOTALENERGIES MARKETING COTE D'IVOIRE,293 889
06/09/2020,TOTALENERGIES MARKETING COTE D'IVOIRE,856 329
06/09/2020,PETRO IVOIRE,1 534 897
30/08/2020,PETRO IVOIRE,912 983
30/08/2020,TOTALENERGIES MARKETING COTE D'IVOIRE,390 061
29/08/2020,TOTALENERGIES MARKETING COTE D'IVOIRE,457 687
29/08/2020,PETRO IVOIRE,1 024 222
24/08/2020,TOTALENERGIES MARKETING COTE D'IVOIRE,491 288
24/08/2020,PETRO IVOIRE,1 039 667
22/08/2020,PETRO IVOIRE,351 369
22/08/2020,TOTALENERGIES MARKETING COTE D'IVOIRE,481 946
22/08/2020,PETRO IVOIRE,1 074 121
22/08/2020,TOTALENERGIES MARKETING COTE D'IVOIRE,108 698
19/08/2020,TOTALENERGIES MARKETING COTE D'IVOIRE,169 824
14/08/2020,TOTALENERGIES MARKETING COTE D'IVOIRE,415 437
14/08/2020,PETRO IVOIRE,1 038 593
12/08/2020,TOTALENERGIES MARKETING COTE D'IVOIRE,455 340
12/08/2020,PETRO IVOIRE,997 046
06/08/2020,TOTALENERGIES MARKETING COTE D'IVOIRE,398 227
06/08/2020,PETRO IVOIRE,1 010 543
04/08/2020,PETRO IVOIRE,896 298
04/08/2020,TOTALENERGIES MARKETING COTE D'IVOIRE,594 589
29/07/2020,PETRO IVOIRE,1 741 001
29/07/2020,TOTALENERGIES MARKETING COTE D'IVOIRE,974 404
22/07/2020,TOTALENERGIES MARKETING COTE D'IVOIRE,740 978
22/07/2020,PETRO IVOIRE,2 295 449
18/07/2020,PETRO IVOIRE,462 786
18/07/2020,TOTALENERGIES MARKETING COTE D'IVOIRE,203 536
17/07/2020,TOTALENERGIES MARKETING COTE D'IVOIRE,883 498
17/07/2020,PETRO IVOIRE,2 111 059
13/07/2020,PETRO IVOIRE,65 828
13/07/2020,TOTALENERGIES MARKETING COTE D'IVOIRE,27 429
07/07/2020,PETRO IVOIRE,612 663
07/07/2020,TOTALENERGIES MARKETING COTE D'IVOIRE,313 867
06/07/2020,PETRO IVOIRE,1 052 822
06/07/2020,TOTALENERGIES MARKETING COTE D'IVOIRE,445 578
02/07/2020,TOTALENERGIES MARKETING COTE D'IVOIRE,790 370
02/07/2020,PETRO IVOIRE,1 602 870
29/06/2020,PETRO IVOIRE,835 084
29/06/2020,TOTALENERGIES MARKETING COTE D'IVOIRE,122 008
24/06/2020,TOTALENERGIES MARKETING COTE D'IVOIRE,397 387
24/06/2020,PETRO IVOIRE,1 097 653
23/06/2020,PETRO IVOIRE,1 094 402
23/06/2020,TOTALENERGIES MARKETING COTE D'IVOIRE,420 227
18/06/2020,TOTALENERGIES MARKETING COTE D'IVOIRE,682 088
18/06/2020,PETRO IVOIRE,1 543 755
15/06/2020,TOTALENERGIES MARKETING COTE D'IVOIRE,190 339
09/06/2020,PETRO IVOIRE,1 005 418
09/06/2020,TOTALENERGIES MARKETING COTE D'IVOIRE,351 573
08/06/2020,TOTALENERGIES MARKETING COTE D'IVOIRE,503 735
08/06/2020,PETRO IVOIRE,1 027 231
05/06/2020,TOTALENERGIES MARKETING COTE D'IVOIRE,173 281
05/06/2020,PETRO IVOIRE,175 383
01/06/2020,TOTALENERGIES MARKETING COTE D'IVOIRE,834 168
01/06/2020,PETRO IVOIRE,550 945
31/05/2020,PETRO IVOIRE,1 322 749
29/05/2020,TOTALENERGIES MARKETING COTE D'IVOIRE,105 073
29/05/2020,PETRO IVOIRE,264 778
28/05/2020,TOTALENERGIES MARKETING COTE D'IVOIRE,76 045
28/05/2020,PETRO IVOIRE,253 301
24/05/2020,TOTALENERGIES MARKETING COTE D'IVOIRE,251 455
24/05/2020,PETRO IVOIRE,488 970
22/05/2020,PETRO IVOIRE,1 077 006
22/05/2020,TOTALENERGIES MARKETING COTE D'IVOIRE,389 836
21/05/2020,PETRO IVOIRE,1 095 937
21/05/2020,TOTALENERGIES MARKETING COTE D'IVOIRE,388 716
15/05/2020,TOTALENERGIES MARKETING COTE D'IVOIRE,354 726
15/05/2020,PETRO IVOIRE,1 157 511
13/05/2020,TOTALENERGIES MARKETING COTE D'IVOIRE,661 353
13/05/2020,PETRO IVOIRE,847 679
05/05/2020,PETRO IVOIRE,1 838 202
05/05/2020,TOTALENERGIES MARKETING COTE D'IVOIRE,473 427
29/04/2020,PETRO IVOIRE,328 701
29/04/2020,TOTALENERGIES MARKETING COTE D'IVOIRE,204 856
28/04/2020,PETRO IVOIRE,708 728
28/04/2020,TOTALENERGIES MARKETING COTE D'IVOIRE,334 146
26/04/2020,PETRO IVOIRE,958 116
26/04/2020,TOTALENERGIES MARKETING COTE D'IVOIRE,392 345
19/04/2020,PETRO IVOIRE,498 945
19/04/2020,TOTALENERGIES MARKETING COTE D'IVOIRE,205 063
18/04/2020,PETRO IVOIRE,1 079 182
18/04/2020,TOTALENERGIES MARKETING COTE D'IVOIRE,440 733
13/04/2020,TOTALENERGIES MARKETING COTE D'IVOIRE,90 365
13/04/2020,PETRO IVOIRE,212 433
11/04/2020,TOTALENERGIES MARKETING COTE D'IVOIRE,443 841
11/04/2020,PETRO IVOIRE,836 395
10/04/2020,PETRO IVOIRE,282 211
10/04/2020,PETRO IVOIRE,761 417
10/04/2020,TOTALENERGIES MARKETING COTE D'IVOIRE,380 375
04/04/2020,PETRO IVOIRE,753 253
04/04/2020,TOTALENERGIES MARKETING COTE D'IVOIRE,313 007
03/04/2020,TOTALENERGIES MARKETING COTE D'IVOIRE,413 146
03/04/2020,PETRO IVOIRE,1 074 265
01/04/2020,TOTALENERGIES MARKETING COTE D'IVOIRE,102 651
01/04/2020,PETRO IVOIRE,149 889
28/03/2020,PETRO IVOIRE,1 054 212
28/03/2020,TOTALENERGIES MARKETING COTE D'IVOIRE,443 510
27/03/2020,TOTALENERGIES MARKETING COTE D'IVOIRE,366 680
27/03/2020,PETRO IVOIRE,1 136 116
23/03/2020,TOTALENERGIES MARKETING COTE D'IVOIRE,124 139
23/03/2020,PETRO IVOIRE,291 679
20/03/2020,TOTALENERGIES MARKETING COTE D'IVOIRE,207 651
20/03/2020,PETRO IVOIRE,539 660
18/03/2020,PETRO IVOIRE,998 904
18/03/2020,TOTALENERGIES MARKETING COTE D'IVOIRE,513 443
14/03/2020,PETRO IVOIRE,207 939
14/03/2020,TOTALENERGIES MARKETING COTE D'IVOIRE,67 378
12/03/2020,TOTALENERGIES MARKETING COTE D'IVOIRE,495 674
12/03/2020,PETRO IVOIRE,876 887
11/03/2020,TOTALENERGIES MARKETING COTE D'IVOIRE,373 889
11/03/2020,PETRO IVOIRE,1 137 765
03/03/2020,TOTALENERGIES MARKETING COTE D'IVOIRE,338 417
03/03/2020,PETRO IVOIRE,679 458
29/02/2020,PETRO IVOIRE,724 200
29/02/2020,TOTALENERGIES MARKETING COTE D'IVOIRE,402 339
27/02/2020,PETRO IVOIRE,259 995
24/02/2020,TOTALENERGIES MARKETING COTE D'IVOIRE,251 653
24/02/2020,PETRO IVOIRE,395 220
23/02/2020,PETRO IVOIRE,571 797
23/02/2020,TOTALENERGIES MARKETING COTE D'IVOIRE,267 702
22/02/2020,PETRO IVOIRE,968 279
22/02/2020,TOTALENERGIES MARKETING COTE D'IVOIRE,468 728
18/02/2020,PETRO IVOIRE,888 739
18/02/2020,TOTALENERGIES MARKETING COTE D'IVOIRE,414 904
17/02/2020,TOTALENERGIES MARKETING COTE D'IVOIRE,445 795
17/02/2020,PETRO IVOIRE,1 045 854
12/02/2020,TOTALENERGIES MARKETING COTE D'IVOIRE,40 564
12/02/2020,PETRO IVOIRE,202 485
07/02/2020,TOTALENERGIES MARKETING COTE D'IVOIRE,337 829
07/02/2020,PETRO IVOIRE,749 759
06/02/2020,PETRO IVOIRE,893 394
06/02/2020,TOTALENERGIES MARKETING COTE D'IVOIRE,204 495
04/02/2020,TOTALENERGIES MARKETING COTE D'IVOIRE,221 059
04/02/2020,PETRO IVOIRE,74 424
31/01/2020,PETRO IVOIRE,496 132
31/01/2020,TOTALENERGIES MARKETING COTE D'IVOIRE,192 997
30/01/2020,TOTALENERGIES MARKETING COTE D'IVOIRE,424 248
30/01/2020,PETRO IVOIRE,1 059 740
26/01/2020,TOTALENERGIES MARKETING COTE D'IVOIRE,87 105
26/01/2020,PETRO IVOIRE,169 895
24/01/2020,PETRO IVOIRE,856 756
24/01/2020,TOTALENERGIES MARKETING COTE D'IVOIRE,556 542
23/01/2020,PETRO IVOIRE,190 798
22/01/2020,TOTALENERGIES MARKETING COTE D'IVOIRE,294 874
22/01/2020,PETRO IVOIRE,693 106
21/01/2020,PETRO IVOIRE,182 757
18/01/2020,PETRO IVOIRE,321 821
15/01/2020,PETRO IVOIRE,962 355
15/01/2020,TOTALENERGIES MARKETING COTE D'IVOIRE,695 768
14/01/2020,TOTALENERGIES MARKETING COTE D'IVOIRE,554 537
14/01/2020,PETRO IVOIRE,922 897
13/01/2020,TOTALENERGIES MARKETING COTE D'IVOIRE,148 477
13/01/2020,PETRO IVOIRE,155 768
09/01/2020,PETRO IVOIRE,1 060 044
09/01/2020,TOTALENERGIES MARKETING COTE D'IVOIRE,429 357
07/01/2020,PETRO IVOIRE,1 003 065
07/01/2020,TOTALENERGIES MARKETING COTE D'IVOIRE,442 496
06/01/2020,PETRO IVOIRE,153 245
04/01/2020,PETRO IVOIRE,260 764